Date,Active energy burned(Cal),Apple Watch stand hours(hr),Basal energy burned(Cal),Distance walking / running(mi),Exercise time(min),Flights climbed(count),Heart rate(count/min),Resting heart rate(count/min),Stand time(min),Step count(count),Walking heart rate average(count/min)
2019-11-01,,,,1.911,,,,,,5940.000,
2019-11-02,,,,0.985,,,,,,2909.000,
2019-11-03,,,,0.718,,,,,,2151.000,
2019-11-04,,,,0.634,,1.000,,,,1783.000,
2019-11-05,,,,1.426,,3.000,,,,4153.000,
2019-11-06,,,,1.661,,,,,,4807.000,
2019-11-07,,,,1.215,,,,,,3697.000,
2019-11-08,,,,0.365,,1.000,,,,1009.000,
2019-11-09,,,,1.412,,2.000,,,,4155.000,
2019-11-10,,,,0.025,,,,,,72.000,
2019-11-11,,,,0.785,,4.000,,,,2324.000,
2019-11-12,,,,0.559,,,,,,1644.000,
2019-11-13,,,,0.817,,,,,,2405.000,
2019-11-14,,,,0.481,,,,,,1398.000,
2019-11-15,,,,0.478,,,,,,1395.000,
2019-11-16,,,,1.987,,,,,,5952.000,
2019-11-17,,,,0.068,,,,,,190.000,
2019-11-18,,,,0.524,,,,,,1522.000,
2019-11-19,,,,0.373,,2.000,,,,1141.000,
2019-11-20,,,,0.315,,,,,,970.000,
2019-11-21,,,,0.576,,,,,,1624.000,
2019-11-22,,,,0.677,,4.000,,,,2015.000,
2019-11-23,,,,2.798,,1.000,,,,8315.000,
2019-11-24,,,,0.380,,1.000,,,,1050.000,
2019-11-25,,,,0.356,,2.000,,,,1167.000,
2019-11-26,,,,0.581,,,,,,1617.000,
2019-11-27,,,,0.152,,,,,,440.000,
2019-11-28,,,,0.435,,1.000,,,,1371.000,
2019-11-29,153.129,4.000,397.643,2.008,62.000,,87.357,76.000,97.000,10577.000,102.000
2019-11-30,909.746,18.000,2210.912,5.484,27.000,3.000,82.635,67.000,291.000,13316.000,101.000
2019-12-01,699.344,18.000,2158.281,5.205,33.000,2.000,79.198,64.000,241.000,15393.000,119.000
2019-12-02,859.728,18.000,2257.285,4.164,43.000,11.000,73.539,62.000,212.000,12060.000,91.000
2019-12-03,772.930,16.000,2231.586,3.120,31.000,1.000,73.370,63.000,144.000,8169.000,91.500
2019-12-04,816.195,16.000,2258.474,3.778,14.000,9.000,77.235,61.000,195.000,8524.000,98.000
2019-12-05,935.944,18.000,2402.264,4.121,14.000,7.000,75.214,63.000,164.000,9248.000,96.500
2019-12-06,819.492,16.000,2380.819,3.881,2.000,9.000,74.216,65.000,152.000,8737.000,100.500
2019-12-07,831.567,17.000,2322.515,4.610,8.000,4.000,70.474,59.000,180.000,10593.509,92.000
2019-12-08,1067.700,15.000,2319.683,6.369,33.000,28.000,79.707,60.000,225.000,14064.000,93.000
2019-12-09,847.260,16.000,2307.522,3.622,14.000,4.000,70.434,60.000,151.000,8067.000,94.000
2019-12-10,682.950,14.000,2164.374,3.519,12.000,1.000,72.228,57.000,120.000,7863.000,101.000
2019-12-11,801.428,15.000,2246.352,3.991,16.000,3.000,76.825,65.000,141.000,8888.000,103.000
2019-12-12,848.519,15.000,2367.160,3.670,19.000,3.000,76.500,66.000,112.000,8107.000,106.500
2019-12-13,851.239,17.000,2410.053,3.816,8.000,3.000,75.313,61.000,144.000,8525.000,94.000
2019-12-14,1162.332,19.000,2523.024,6.584,20.000,22.000,84.245,67.000,294.000,14775.000,101.000
2019-12-15,607.833,11.000,2160.941,3.423,4.000,4.000,81.232,56.000,144.000,7730.803,97.000
2019-12-16,1046.656,17.000,2342.545,5.580,30.000,7.000,78.306,65.000,193.000,12259.000,102.000
2019-12-17,748.926,16.000,2230.471,3.673,8.000,2.000,71.801,61.000,122.000,8207.000,105.000
2019-12-18,696.393,16.000,2253.598,2.443,3.000,3.000,75.019,62.000,107.000,5460.000,106.000
2019-12-19,667.950,17.000,2189.225,2.649,5.000,2.000,74.130,68.000,104.000,5954.000,98.000
2019-12-20,1008.820,17.000,2385.303,5.481,9.000,11.000,74.668,55.000,208.000,12299.000,103.000
2019-12-21,862.565,15.000,2431.355,3.942,12.000,2.000,75.789,56.000,148.000,8951.000,102.000
2019-12-22,824.040,16.000,2337.211,3.046,7.000,10.000,69.850,55.000,209.000,6842.000,100.000
2019-12-23,786.403,14.000,2170.288,5.390,14.000,3.000,71.743,56.000,235.000,13723.976,85.000
2019-12-24,828.865,14.000,2167.865,6.036,43.000,2.000,75.261,56.000,195.000,13777.000,97.000
2019-12-25,967.813,14.000,2234.612,7.396,15.000,1.000,84.221,57.000,371.000,16854.000,104.000
2019-12-26,822.763,15.000,2234.027,3.388,11.000,4.000,66.653,56.000,194.000,7649.000,94.500
2019-12-27,687.829,13.000,2411.102,2.241,7.000,1.000,74.945,56.000,90.000,5053.000,86.000
2019-12-28,660.941,14.000,2257.394,2.600,4.000,1.000,74.338,58.000,125.000,5893.000,99.500
2019-12-29,793.102,16.000,2224.531,5.017,5.000,,75.269,56.000,258.000,11494.000,106.000
2019-12-30,647.398,17.000,2197.173,2.204,1.000,,67.406,56.000,149.000,5058.000,86.000
2019-12-31,903.416,19.000,2327.178,4.343,6.000,2.000,68.289,55.000,229.000,9889.698,97.000
2020-01-01,638.135,15.000,2231.190,2.204,10.000,,70.814,54.000,119.000,5547.000,75.000
2020-01-02,742.727,14.000,2412.108,2.545,9.000,8.000,74.348,57.000,101.000,5652.196,102.000
2020-01-03,782.953,16.000,2211.121,4.223,35.000,10.000,72.663,58.000,203.000,11036.000,88.000
2020-01-04,852.933,16.000,2238.833,5.250,11.000,7.000,72.701,59.000,211.000,11979.000,90.500
2020-01-05,689.148,15.000,2097.377,3.551,6.000,7.000,69.948,59.000,180.000,8060.000,96.000
2020-01-06,897.903,18.000,2310.123,3.973,15.000,2.000,71.069,60.000,184.000,8810.000,104.000
2020-01-07,784.671,18.000,2293.755,2.846,9.000,1.000,73.431,62.000,132.000,6334.000,100.000
2020-01-08,827.304,16.000,2314.462,3.260,10.000,,72.923,61.000,128.000,7148.000,86.000
2020-01-09,806.441,19.000,2362.816,2.528,4.000,,76.851,61.000,93.000,5565.269,100.000
2020-01-10,738.837,16.000,2324.449,2.669,4.000,1.000,74.736,64.000,95.000,5867.731,102.000
2020-01-11,849.764,15.000,2268.166,4.543,14.000,4.000,72.479,61.000,188.000,10311.000,92.500
2020-01-12,717.449,16.000,2294.934,3.263,12.000,7.000,71.636,59.000,120.000,7293.000,95.500
2020-01-13,898.525,18.000,2409.124,3.645,7.000,,76.863,59.000,152.000,8045.000,104.000
2020-01-14,839.263,17.000,2393.967,2.896,9.000,1.000,71.118,61.000,98.000,6437.000,98.500
2020-01-15,756.527,15.000,2331.030,2.482,7.000,1.000,70.897,60.000,79.000,5555.035,104.000
2020-01-16,743.285,18.000,2271.311,2.857,6.000,1.000,71.561,62.000,127.000,6392.965,103.000
2020-01-17,791.604,15.000,2272.711,3.521,13.000,8.000,75.797,65.000,119.000,7807.000,109.500
2020-01-18,837.166,17.000,2254.287,3.688,5.000,6.000,75.985,62.000,149.000,8207.000,109.000
2020-01-19,724.797,14.000,2125.177,3.999,10.000,3.000,78.541,64.000,169.000,9015.000,109.500
2020-01-20,842.198,17.000,2275.964,3.302,12.000,1.000,76.828,67.000,157.000,7261.000,94.500
2020-01-21,898.627,19.000,2273.421,3.784,44.000,2.000,77.934,66.000,213.000,11377.000,95.000
2020-01-22,851.170,15.000,2339.992,3.371,15.000,1.000,76.449,62.000,126.000,7482.000,108.000
2020-01-23,893.009,17.000,2416.590,3.461,12.000,2.000,78.161,65.000,114.000,7616.000,106.000
2020-01-24,819.030,17.000,2311.228,3.609,10.000,1.000,82.080,64.000,130.000,7995.000,110.000
2020-01-25,745.774,16.000,2228.080,3.743,7.000,3.000,71.339,57.000,159.000,8454.000,95.000
2020-01-26,863.519,16.000,2191.122,4.510,30.000,6.000,81.453,60.000,177.000,9982.000,96.000
2020-01-27,887.321,15.000,2244.844,3.820,38.000,3.000,83.129,65.000,150.000,8380.000,102.000
2020-01-28,1006.858,18.000,2372.417,4.322,38.000,,82.943,67.000,155.000,9481.000,95.000
2020-01-29,800.316,14.000,2300.886,3.386,12.000,3.000,78.195,67.000,126.000,7503.000,109.000
2020-01-30,763.901,17.000,2277.297,2.757,11.000,4.000,78.147,67.000,102.000,6138.000,106.000
2020-01-31,804.422,16.000,2296.726,3.364,15.000,4.000,80.015,68.000,108.000,7506.000,111.000
2020-02-01,820.164,16.000,2177.867,4.456,30.000,4.000,85.604,68.000,167.000,9751.000,106.000
2020-02-02,877.289,15.000,2297.595,4.514,37.000,6.000,92.219,69.000,120.000,9932.534,134.000
2020-02-03,899.523,16.000,2337.050,4.276,30.000,,81.815,66.000,126.000,9161.000,122.000
2020-02-04,857.877,15.000,2375.975,3.234,15.000,2.000,77.880,67.000,112.000,7150.000,106.000
2020-02-05,783.835,17.000,2285.266,3.180,11.000,1.000,78.168,68.000,130.000,7081.000,105.500
2020-02-06,806.994,16.000,2295.678,3.070,11.000,2.000,77.017,62.000,122.000,6836.000,101.000
2020-02-07,787.657,16.000,2214.068,3.781,5.000,2.000,75.932,62.000,158.000,8520.000,96.500
2020-02-08,1069.309,16.000,2351.746,5.658,44.000,10.000,84.497,61.000,191.000,12649.000,97.000
2020-02-09,970.108,17.000,2318.344,5.544,33.000,4.000,82.438,60.000,169.000,12202.000,119.000
2020-02-10,1076.877,17.000,2411.568,4.717,34.000,3.000,81.467,64.000,147.000,10209.000,125.000
2020-02-11,973.734,19.000,2371.198,4.481,30.000,3.000,80.831,65.000,147.000,9766.000,116.000
2020-02-12,938.002,16.000,2363.188,3.241,39.000,5.000,77.855,66.000,114.000,7235.000,104.000
2020-02-13,902.734,16.000,2288.521,3.241,34.000,,78.276,66.000,117.000,7242.000,97.500
2020-02-14,933.204,17.000,2357.240,3.301,30.000,2.000,80.499,68.000,134.000,7358.000,102.000
2020-02-15,761.893,15.000,2223.204,4.288,2.000,2.000,78.943,59.000,193.000,9640.000,112.000
2020-02-16,763.225,17.000,2341.719,3.538,1.000,3.000,73.388,62.000,160.000,8093.147,101.000
2020-02-17,835.954,15.000,2339.289,3.486,9.000,2.000,74.470,61.000,111.000,7788.731,95.500
2020-02-18,808.709,17.000,2306.094,3.727,12.000,2.000,79.572,67.000,127.000,8259.269,111.000
2020-02-19,827.741,15.000,2413.094,2.955,12.000,2.000,73.664,63.000,105.000,6609.000,99.000
2020-02-20,789.986,17.000,2348.687,3.069,10.000,,79.825,69.000,104.000,6759.000,106.000
2020-02-21,822.257,14.000,2343.378,3.105,11.000,1.000,78.923,69.000,102.000,6832.000,110.000
2020-02-22,806.472,16.000,2328.638,3.298,7.000,2.000,79.689,69.000,139.000,7412.000,101.500
2020-02-23,834.324,15.000,2298.466,4.593,7.000,5.000,78.329,67.000,206.000,10452.000,98.000
2020-02-24,763.734,15.000,2257.978,3.526,14.000,3.000,75.813,62.000,121.000,7907.000,102.000
2020-02-25,939.786,16.000,2370.915,4.048,14.000,2.000,75.499,63.000,136.000,8948.000,106.500
2020-02-26,816.661,16.000,2311.378,3.467,14.000,5.000,78.647,64.000,135.000,7743.000,101.500
2020-02-27,1020.326,18.000,2486.791,4.060,15.000,8.000,76.801,68.000,129.000,8985.000,105.500
2020-02-28,881.602,16.000,2365.420,4.631,21.000,10.000,79.511,67.000,201.000,10428.000,105.000
2020-02-29,1152.554,17.000,2424.118,6.507,30.000,10.071,82.838,60.000,312.000,14778.000,97.000
2020-03-01,780.944,17.000,2227.860,3.997,11.000,5.000,75.896,63.000,197.000,9158.000,97.000
2020-03-02,766.089,15.000,2157.978,5.120,35.000,4.000,89.729,59.000,157.000,11567.000,133.000
2020-03-03,819.496,14.000,2214.855,4.441,30.000,2.000,75.585,60.000,137.000,9737.026,84.000
2020-03-04,818.846,16.000,2186.794,4.254,34.000,2.000,78.249,57.000,151.000,9478.000,135.000
2020-03-05,802.429,15.000,2206.696,3.559,30.000,1.000,72.385,58.000,126.000,7685.000,95.000
2020-03-06,697.307,17.000,2183.280,2.890,3.000,7.000,65.725,54.000,145.000,6560.000,86.000
2020-03-07,833.717,16.000,2236.998,4.796,7.000,2.000,68.549,53.000,194.000,10930.000,91.500
2020-03-08,1039.741,17.000,2187.064,6.275,42.000,1.000,71.067,54.000,235.000,14125.479,88.000
2020-03-09,767.333,17.000,2252.986,3.483,14.000,4.000,66.134,53.000,150.000,7792.000,93.000
2020-03-10,788.166,18.000,2276.402,3.533,12.000,1.000,66.429,55.000,156.000,7820.000,96.000
2020-03-11,910.749,18.000,2390.749,4.143,19.000,2.000,72.899,59.000,137.000,9290.353,82.000
2020-03-12,823.441,15.000,2281.228,3.650,9.000,2.000,72.026,61.000,157.000,8239.647,94.000
2020-03-13,671.581,15.000,2241.326,2.464,1.000,,69.224,60.000,106.000,5567.000,89.500
2020-03-14,721.695,15.000,2279.519,3.028,7.000,1.000,76.309,62.000,98.000,6838.099,97.000
2020-03-15,710.335,15.000,2195.482,3.558,3.000,2.000,71.577,62.000,164.000,8164.000,92.000
2020-03-16,649.797,16.000,2272.393,1.589,1.000,1.000,67.931,58.000,70.000,3608.000,92.500
2020-03-17,633.596,15.000,2231.503,2.551,1.000,,71.419,61.000,79.000,5710.000,94.000
2020-03-18,907.938,15.000,2308.548,3.634,33.000,,81.568,62.000,104.000,7820.000,99.000
2020-03-19,841.780,16.000,2359.784,3.814,8.000,1.000,78.277,64.000,131.000,8625.000,109.000
2020-03-20,750.555,16.000,2337.258,2.860,3.000,1.000,77.645,66.000,112.000,6464.000,107.000
2020-03-21,645.807,14.000,2064.424,2.581,30.000,2.000,79.309,63.000,94.000,5732.614,105.500
2020-03-22,617.941,18.000,2139.067,2.878,2.000,3.000,76.063,65.000,125.000,6495.000,92.500
2020-03-23,761.350,14.000,2226.078,3.717,21.000,,83.405,61.000,135.000,8203.000,118.000
2020-03-24,613.519,16.000,2172.470,2.067,5.000,1.000,71.623,61.000,78.000,4560.000,86.000
2020-03-25,680.006,14.000,2287.619,2.312,,,71.041,60.000,101.000,5240.000,102.500
2020-03-26,602.676,15.000,2244.439,1.635,6.000,2.000,70.978,60.000,75.000,3672.000,96.500
2020-03-27,900.556,17.000,2316.412,4.132,37.000,3.000,87.670,65.000,142.000,9008.000,123.000
2020-03-28,685.111,17.000,2241.253,2.667,4.000,3.000,74.001,63.000,136.000,6067.339,107.000
2020-03-29,686.196,16.000,2200.875,3.316,4.000,8.000,72.315,59.000,157.000,7397.000,99.000
2020-03-30,606.173,15.000,2243.193,1.935,3.000,2.000,71.045,59.000,72.000,4319.000,92.000
2020-03-31,741.514,17.000,2345.723,2.480,31.000,4.000,67.894,57.000,98.000,5504.000,87.000
2020-04-01,680.026,16.000,2228.220,2.414,6.000,2.000,68.632,56.000,91.000,5265.000,80.000
2020-04-02,757.552,18.000,2323.239,3.129,1.000,1.000,70.997,61.000,127.000,6981.000,97.000
2020-04-03,658.045,16.000,2259.970,2.134,,,71.102,60.000,83.000,4774.351,104.000
2020-04-04,898.067,15.000,2317.300,3.907,34.000,10.000,80.895,60.000,140.000,8488.706,105.000
2020-04-05,1092.310,17.000,2254.706,5.482,47.000,14.000,89.396,62.000,209.000,12121.000,96.000
2020-04-06,628.368,15.000,2190.563,2.207,6.000,1.000,71.109,58.000,104.000,4930.000,97.000
2020-04-07,672.606,19.000,2242.030,2.071,,,67.053,59.000,94.000,4600.000,81.500
2020-04-08,886.634,17.000,2335.052,3.581,33.970,5.000,79.216,64.000,116.000,7661.768,98.000
2020-04-09,615.156,16.000,2147.170,1.977,11.030,4.000,74.741,60.000,93.000,4431.232,93.500
2020-04-10,807.082,19.000,2351.535,2.951,5.000,7.000,75.123,61.000,121.000,6522.000,97.000
2020-04-11,753.789,16.000,2304.354,3.504,5.000,11.739,79.945,59.000,169.000,7864.000,103.500
2020-04-12,659.238,16.000,2173.967,2.792,6.000,7.000,69.589,57.000,98.000,6197.000,102.000
2020-04-13,664.315,15.000,2218.929,2.249,4.000,3.000,69.698,60.000,88.000,4944.000,97.000
2020-04-14,668.116,14.000,2247.053,2.179,4.000,2.000,70.885,58.000,76.000,4855.000,91.500
2020-04-15,653.530,13.000,2237.070,2.231,1.000,,73.019,61.000,81.000,4898.000,112.000
2020-04-16,646.874,17.000,2235.147,2.343,3.000,4.000,71.491,58.000,102.000,5235.000,102.000
2020-04-17,606.153,15.000,2174.094,2.012,3.000,,74.363,62.000,78.000,4434.000,113.000
2020-04-18,664.365,16.000,2253.413,3.466,8.000,1.000,78.489,67.000,120.000,7818.000,102.000
2020-04-19,698.624,17.000,2199.952,3.062,10.000,11.000,73.816,60.000,122.000,6800.000,99.000
2020-04-20,617.652,15.000,2158.252,2.107,6.000,,73.978,61.000,90.000,4698.000,111.000
2020-04-21,828.943,16.000,2280.475,3.107,21.000,1.000,75.144,62.000,100.000,6638.000,106.000
2020-04-22,974.006,15.000,2260.643,3.305,41.000,,85.307,61.000,108.000,6994.000,127.000
2020-04-23,849.067,16.000,2233.836,2.790,35.000,1.000,78.064,60.000,95.000,6267.000,123.000
2020-04-24,693.070,12.000,2188.986,2.170,16.000,1.000,79.573,60.000,61.000,4785.353,139.000
2020-04-25,887.705,15.000,2337.078,4.074,14.000,11.000,78.600,60.000,191.000,9101.647,103.000
2020-04-26,773.649,18.000,2238.445,3.163,8.000,16.000,70.340,58.000,129.000,6992.000,94.000
2020-04-27,716.389,18.000,2337.222,2.239,,3.000,68.650,58.000,82.000,4943.298,98.000
2020-04-28,732.923,15.000,2269.492,2.548,19.000,1.000,73.942,61.000,82.000,5488.000,102.000
2020-04-29,707.511,15.000,2317.239,2.023,1.000,1.000,71.581,62.000,67.000,4443.000,105.000
2020-04-30,648.854,15.000,2295.658,1.670,7.000,1.000,76.207,64.000,59.000,3749.000,103.000
2020-05-01,837.157,14.000,2213.301,3.291,31.000,1.900,80.402,59.000,92.000,7013.000,112.000
2020-05-02,952.053,17.000,2313.265,4.120,37.000,3.000,88.943,62.000,158.000,8963.000,105.500
2020-05-03,1123.786,15.000,2392.430,6.108,51.000,11.000,92.143,62.000,185.000,13146.000,102.500
2020-05-04,987.523,16.000,2276.891,4.157,43.000,2.000,80.585,59.000,115.000,8568.000,93.000
2020-05-05,988.156,16.000,2267.078,4.104,46.000,4.664,83.975,60.000,121.000,8693.000,92.000
2020-05-06,738.166,17.000,2219.507,1.840,30.000,1.000,73.382,59.000,77.000,4130.000,98.500
2020-05-07,910.809,15.000,2235.223,3.567,33.000,4.000,77.236,56.000,105.000,7622.000,94.000
2020-05-08,890.033,15.000,2271.314,2.732,34.000,1.000,80.163,61.000,84.000,5712.383,89.000
2020-05-09,902.521,16.000,2385.113,3.677,30.000,10.000,80.528,64.000,136.000,8280.000,119.500
2020-05-10,1367.104,16.000,2310.707,7.557,94.000,10.000,100.127,60.000,269.000,16367.000,132.000
2020-05-11,991.731,18.000,2330.413,4.415,41.000,10.000,82.344,57.000,139.000,9449.000,101.500
2020-05-12,1011.127,16.000,2385.228,4.016,37.000,3.000,81.359,60.000,115.000,8562.980,113.000
2020-05-13,895.971,15.000,2278.985,3.434,37.000,2.000,82.007,62.000,105.000,7363.020,102.000
2020-05-14,875.713,17.000,2269.095,3.156,35.000,,77.829,60.000,80.000,6484.000,97.000
2020-05-15,904.672,18.000,2249.554,3.554,37.000,8.000,89.917,64.000,140.000,7896.003,117.000
2020-05-16,1202.629,15.000,2417.961,6.414,72.000,10.846,97.481,67.000,177.000,13932.000,134.000
2020-05-17,923.334,17.000,2434.688,3.842,30.000,22.647,75.801,56.000,139.000,8510.000,94.000
2020-05-18,993.802,14.000,2384.151,3.510,41.000,1.000,81.214,61.000,97.000,7320.000,91.000
2020-05-19,1205.192,18.000,2322.621,5.579,70.000,2.000,89.174,61.000,148.000,11720.000,139.000
2020-05-20,1188.118,18.000,2289.649,5.440,69.000,,86.792,59.000,149.000,11431.000,129.000
2020-05-21,1077.291,12.000,2228.461,5.059,70.000,,90.153,60.000,142.000,10882.000,127.000
2020-05-22,1085.128,16.000,2156.845,5.306,73.000,1.000,88.536,56.000,153.000,11222.000,127.000
2020-05-23,1246.577,16.000,2255.366,6.460,83.000,5.382,99.522,60.000,220.000,13863.000,124.000
2020-05-24,1156.873,17.000,2317.240,6.433,56.000,24.000,83.179,53.000,239.000,13859.000,95.500
2020-05-25,1126.884,16.000,2274.692,5.774,62.000,15.621,89.851,60.000,228.000,12873.000,126.000
2020-05-26,1085.611,17.000,2299.787,5.260,70.000,4.000,82.932,57.000,160.000,11246.000,115.000
2020-05-27,1461.710,17.000,2461.416,6.830,103.000,11.000,88.225,58.000,222.000,14615.000,127.000
2020-05-28,952.345,16.000,2255.757,4.908,66.000,,84.893,54.000,133.000,10807.000,120.000
2020-05-29,1335.045,19.000,2378.757,6.692,87.000,1.000,83.068,57.000,207.000,14499.000,113.000
2020-05-30,1066.135,16.000,2136.146,6.576,72.000,7.077,90.378,57.000,187.000,13933.000,124.000
2020-05-31,1321.665,17.000,2360.200,6.856,98.000,6.000,88.489,61.000,235.000,15196.000,118.000
2020-06-01,1313.791,18.000,2407.804,7.622,69.000,3.000,89.421,61.000,202.000,16276.000,104.000
2020-06-02,1265.678,18.000,2418.001,7.499,80.000,3.000,88.546,60.000,185.000,15514.692,119.000
2020-06-03,1143.704,18.000,2422.033,5.902,64.000,9.000,92.366,62.000,160.000,12661.000,125.000
2020-06-04,1419.096,18.000,2453.965,7.798,94.000,2.000,93.968,61.000,197.000,16621.000,122.000
2020-06-05,1098.559,17.000,2388.955,6.507,46.000,6.000,90.929,66.000,212.000,14196.000,120.000
2020-06-06,988.822,13.000,2607.207,3.918,36.000,1.000,98.893,72.000,132.000,8377.000,141.000
2020-06-07,1223.255,17.000,2234.785,5.594,84.000,,90.781,55.000,233.000,11287.521,101.000
2020-06-08,1349.940,18.000,2329.907,5.751,95.000,,91.449,58.000,236.000,12169.479,113.000
2020-06-09,1206.511,18.000,2362.987,5.522,83.000,,84.945,56.000,161.000,11488.000,113.000
2020-06-10,1280.981,17.000,2381.534,7.137,86.000,1.000,90.864,58.000,228.000,15159.000,111.000
2020-06-11,1208.514,17.000,2334.872,5.663,55.000,,80.620,55.000,192.000,11980.000,108.000
2020-06-12,1004.277,18.000,2302.497,4.781,42.000,2.841,80.110,56.000,152.000,10377.000,106.000
2020-06-13,926.939,18.000,2236.577,6.844,49.000,,77.532,54.000,208.000,15175.581,109.000
2020-06-14,1144.593,17.000,2247.773,7.757,90.000,,86.960,52.000,219.000,16269.000,116.000
2020-06-15,1081.558,18.000,2345.105,5.532,56.000,,74.961,51.000,200.000,11630.000,106.000
2020-06-16,1222.529,18.000,2379.844,6.607,72.000,,88.139,56.000,191.000,14081.000,111.000
2020-06-17,1127.282,19.000,2389.854,5.575,56.000,,81.067,58.000,151.000,11548.000,112.000
2020-06-18,864.769,15.000,2297.423,3.303,34.000,,74.962,56.000,119.000,6928.000,92.000
2020-06-19,1209.311,18.000,2317.389,7.831,37.000,6.000,90.940,58.000,308.000,17057.000,108.000
2020-06-20,1047.030,16.000,2220.978,6.431,48.000,,87.907,56.000,255.000,14300.000,107.000
2020-06-21,1095.160,17.000,2235.413,6.144,96.000,,77.168,54.000,221.000,13197.000,104.000
2020-06-22,1044.422,19.000,2351.990,5.022,50.000,,81.674,53.000,171.000,10445.000,110.000
2020-06-23,840.091,16.000,2266.414,3.447,31.000,,73.053,53.000,129.000,7372.000,116.000
2020-06-24,868.534,17.000,2211.114,3.372,47.000,,77.801,53.000,115.000,6826.000,96.000
2020-06-25,849.622,19.000,2297.497,2.600,38.000,,77.031,56.000,122.000,5661.000,90.500
2020-06-26,835.322,17.000,2249.037,3.626,32.000,,74.135,53.000,141.000,7500.000,90.000
2020-06-27,822.760,17.000,2238.901,3.748,33.000,,75.732,56.000,125.000,7593.000,96.500
2020-06-28,1042.850,16.000,2602.720,2.709,70.000,,89.449,59.000,126.000,5876.000,112.000
2020-06-29,889.136,16.000,2265.403,3.752,38.000,4.630,85.523,66.000,190.000,8244.000,98.500
2020-06-30,1147.569,19.000,2395.704,3.052,60.000,2.000,70.390,60.000,167.000,6536.000,97.000
2020-07-01,1321.191,16.000,2397.008,6.684,97.000,3.000,92.208,58.000,161.000,14142.000,129.000
2020-07-02,1010.641,16.000,2420.201,5.376,53.000,2.000,89.402,62.000,144.000,11827.000,117.000
2020-07-03,984.126,16.000,2283.544,5.944,56.000,2.000,92.510,65.000,187.000,12827.000,123.000
2020-07-04,1034.633,17.000,2290.067,6.621,63.000,6.000,82.361,54.000,180.000,14759.000,112.000
2020-07-05,1275.105,16.000,2282.101,8.203,107.000,3.185,95.184,54.000,233.000,18444.000,115.000
2020-07-06,1293.455,18.000,2339.626,7.458,94.000,3.000,86.585,55.000,207.000,15722.000,117.000
2020-07-07,1335.709,17.000,2413.828,7.015,92.000,7.000,85.951,57.000,183.000,14423.000,126.000
2020-07-08,1117.575,17.000,2328.415,5.470,72.000,1.000,85.667,56.000,129.000,11246.000,127.000
2020-07-09,1238.712,16.000,2297.441,5.425,95.000,2.000,98.342,66.000,170.000,11327.000,121.000
2020-07-10,1248.772,17.000,2402.239,6.195,79.000,3.000,90.273,56.000,179.000,12859.000,127.000
2020-07-11,1478.216,16.000,2320.562,10.319,108.000,5.000,96.790,60.000,421.000,21668.000,119.000
2020-07-12,1281.095,17.000,2414.953,7.813,80.000,7.000,84.732,56.000,258.000,17162.000,119.000
2020-07-13,1256.891,17.000,2414.472,6.887,82.000,,82.525,53.000,187.000,14639.000,110.000
2020-07-14,1280.623,18.000,2389.499,7.179,82.000,6.000,87.280,55.000,202.000,15364.000,113.000
2020-07-15,1180.466,17.000,2327.699,6.791,87.000,2.000,89.726,57.000,173.000,14543.692,120.000
2020-07-16,919.332,16.000,2356.144,4.042,38.000,2.000,81.800,62.000,120.000,8410.120,105.000
2020-07-17,773.924,15.000,2224.881,2.680,32.000,,77.968,62.000,88.000,5754.000,87.500
2020-07-18,881.053,16.000,2346.200,3.963,31.000,5.986,77.467,50.000,160.000,8812.000,102.000
2020-07-19,801.900,19.000,2180.168,3.917,32.000,7.000,74.636,54.000,202.000,8792.000,91.000
2020-07-20,946.094,16.000,2375.134,4.299,41.000,1.000,71.978,54.000,137.000,8953.000,78.000
2020-07-21,1002.148,17.000,2411.541,4.642,35.000,7.000,77.732,57.000,159.000,9833.000,95.000
2020-07-22,847.982,17.000,2322.670,3.315,31.000,1.000,74.906,55.000,131.000,7066.200,92.000
2020-07-23,787.758,14.000,2248.764,2.555,32.000,2.000,69.083,55.000,74.000,5283.000,95.500
2020-07-24,845.722,14.000,2403.853,2.000,30.000,,72.820,60.000,58.000,4423.000,97.000
2020-07-25,820.972,15.000,2284.644,2.638,37.000,,87.382,61.000,119.000,5893.966,110.000
2020-07-26,806.538,16.000,2202.369,3.543,32.000,5.000,79.530,63.000,147.000,7862.000,98.500
2020-07-27,1224.703,16.000,2398.619,6.132,75.000,2.000,86.383,59.000,189.000,13066.000,118.000
2020-07-28,1350.659,16.000,2371.154,6.440,95.000,1.000,94.950,60.000,145.000,13804.000,142.000
2020-07-29,972.749,17.000,2350.154,3.881,45.000,2.000,80.178,63.000,113.000,8019.000,94.000
2020-07-30,1226.909,15.000,2326.616,5.946,80.000,9.000,91.857,62.000,152.000,12114.000,105.500
2020-07-31,1291.689,16.000,2295.558,6.368,113.000,1.000,86.582,59.000,160.000,13870.000,67.000
2020-08-01,659.469,15.000,2090.065,1.895,34.000,2.000,70.317,59.000,82.000,4113.000,88.000
2020-08-02,1686.848,17.000,2215.040,5.175,138.000,6.000,103.669,59.000,281.000,11363.000,86.000
2020-08-03,920.365,18.000,2303.227,3.279,30.000,2.000,67.222,51.000,106.000,7231.000,81.000
2020-08-04,919.961,15.000,2340.342,4.222,30.000,1.000,75.745,57.000,149.000,8755.000,96.000
2020-08-05,751.957,15.000,2278.560,2.516,32.000,3.000,73.091,59.000,91.000,5441.000,91.000
2020-08-06,972.209,16.000,2287.431,5.210,54.000,3.000,87.562,61.000,145.000,11153.000,123.000
2020-08-07,1126.057,16.000,2291.521,6.360,85.000,1.000,90.419,55.000,182.000,13617.000,121.000
2020-08-08,799.031,15.000,2270.747,1.649,30.000,,62.997,54.000,66.000,3602.000,79.000
2020-08-09,906.108,12.000,2162.571,2.509,76.000,9.000,80.873,52.000,115.000,5612.000,93.000
2020-08-10,1160.094,16.000,2374.322,5.583,82.000,8.000,88.416,59.000,121.000,11700.000,122.000
2020-08-11,798.337,16.000,2369.223,1.747,30.000,3.000,68.254,58.000,66.000,3820.000,112.000
2020-08-12,1105.661,13.000,2209.709,1.796,86.000,,70.892,61.000,54.000,3926.000,98.500
2020-08-13,854.017,15.000,2250.947,2.446,38.000,4.000,72.909,61.000,81.000,5292.000,101.000
2020-08-14,740.914,16.000,2173.826,2.439,33.000,,81.705,62.000,100.000,5286.000,98.000
2020-08-15,2318.097,14.000,2277.973,7.565,217.000,1.000,117.777,72.000,367.000,16230.000,104.000
2020-08-16,1926.635,15.000,2313.830,6.270,181.000,11.000,108.199,60.000,299.000,13473.000,104.000
2020-08-17,1168.262,15.000,2230.771,4.752,87.000,4.000,88.773,57.000,218.000,10295.000,98.000
2020-08-18,1193.225,14.000,2348.354,5.876,60.000,6.306,82.490,58.000,176.000,12669.000,105.000
2020-08-19,757.996,14.000,2256.117,3.101,30.000,6.000,78.456,57.000,121.000,6919.000,98.000
2020-08-20,1041.477,13.000,2248.446,5.683,56.000,4.000,89.292,60.000,160.000,12432.000,107.000
2020-08-21,1279.734,18.000,2517.989,6.741,70.000,5.000,90.162,65.000,218.000,14986.000,111.000
2020-08-22,823.969,17.000,2284.122,3.081,30.000,5.000,76.382,58.000,143.000,7020.875,96.000
2020-08-23,898.213,14.000,2082.183,3.170,89.000,4.000,81.714,62.000,133.000,7144.000,90.000
2020-08-24,1287.949,16.000,2310.594,8.062,91.000,5.000,91.827,60.000,250.000,17127.000,114.000
2020-08-25,1105.504,17.000,2292.989,6.834,67.000,8.000,88.333,60.000,210.000,14852.000,111.000
2020-08-26,1268.303,16.000,2272.857,7.743,90.000,3.806,94.574,64.000,211.000,16443.000,118.000
2020-08-27,1404.403,19.000,2469.863,7.265,107.000,10.000,91.985,63.500,213.000,15478.047,109.000
2020-08-28,1144.208,17.000,2234.885,2.475,103.000,6.000,77.508,64.000,100.000,5392.858,108.500
2020-08-29,859.247,15.000,2339.161,3.130,34.000,8.000,80.362,64.000,90.000,6554.000,100.000
2020-08-30,924.918,15.000,2227.338,4.065,37.000,14.000,80.257,65.000,218.000,9093.000,101.500
2020-08-31,1133.037,16.000,2335.915,5.932,58.000,7.000,89.324,65.000,173.000,13122.000,115.000
2020-09-01,1106.040,13.000,2269.034,5.626,73.000,4.000,92.390,62.000,135.000,11927.000,119.000
2020-09-02,1111.143,15.000,2232.270,6.331,85.000,2.000,97.721,65.000,181.000,13559.000,124.000
2020-09-03,847.576,14.000,2225.922,4.109,37.000,2.000,83.145,52.000,128.000,8961.000,124.000
2020-09-04,1112.761,18.000,2370.701,4.839,37.000,8.000,72.871,56.000,293.000,10757.000,86.000
2020-09-05,911.855,17.000,2316.981,4.055,36.000,2.000,68.678,56.000,181.000,9177.000,89.000
2020-09-06,1015.432,15.000,2129.280,6.670,68.000,12.000,84.583,54.000,270.000,14238.000,111.500
2020-09-07,778.477,17.000,2195.760,3.155,30.000,21.000,65.467,47.000,131.000,7041.000,89.500
2020-09-08,1079.214,17.000,2245.903,7.176,68.000,8.000,90.992,59.000,216.000,15339.000,118.000
2020-09-09,1186.149,17.000,2384.261,7.817,74.000,13.000,95.418,67.000,246.000,16651.000,111.000
2020-09-10,1172.831,17.000,2428.910,7.585,57.000,15.000,94.289,68.000,234.000,16465.000,108.000
2020-09-11,1238.607,17.000,2406.552,8.148,79.000,13.420,91.950,59.000,214.000,17054.000,117.000
2020-09-12,836.452,13.000,2205.447,4.888,39.000,8.000,83.920,57.000,171.000,10357.000,111.000
2020-09-13,1054.295,16.000,2266.765,6.818,76.000,5.000,90.324,58.000,178.000,14466.000,114.000
2020-09-14,1276.366,16.000,2329.274,7.728,95.000,9.000,90.305,58.000,175.000,15823.000,120.000
2020-09-15,1243.231,18.000,2261.291,7.855,93.000,8.000,93.243,61.000,218.000,16509.000,117.000
2020-09-16,1097.793,16.000,2259.652,5.948,77.000,10.000,89.668,63.000,163.000,12431.000,118.000
2020-09-17,1029.381,17.000,2358.150,6.079,63.000,6.000,89.151,63.000,155.000,12968.000,119.000
2020-09-18,952.774,12.000,2267.175,5.805,61.000,4.000,96.029,70.000,173.000,12500.728,121.000
2020-09-19,810.618,16.000,2226.725,3.554,30.000,4.000,75.588,55.000,153.000,7633.000,96.500
2020-09-20,1200.705,15.000,2255.288,6.630,80.000,15.000,89.994,62.000,293.000,14171.209,119.000
2020-09-21,986.465,16.000,2173.340,6.116,64.000,1.000,87.139,60.000,162.000,13005.000,122.000
2020-09-22,796.571,16.000,2207.859,4.396,34.000,4.000,82.914,64.000,128.000,9631.000,108.000
2020-09-23,1141.524,18.000,2335.511,6.575,63.000,11.000,90.958,66.000,184.000,13859.000,124.000
2020-09-24,947.332,17.000,2245.623,5.317,54.000,4.000,86.338,65.000,143.000,11633.000,116.000
2020-09-25,972.659,16.000,2258.830,5.155,44.000,2.000,87.848,60.000,158.000,10821.000,123.000
2020-09-26,1141.407,17.000,2344.652,6.933,49.000,15.000,92.836,58.000,223.000,14651.000,119.000
2020-09-27,1178.592,15.000,2340.063,7.787,77.000,11.000,95.137,60.000,220.000,16789.000,116.000
2020-09-28,1257.754,16.000,2320.991,8.371,88.000,8.000,95.545,66.000,245.000,17704.000,122.000
2020-09-29,1176.413,15.000,2247.568,7.752,81.000,4.000,90.661,65.000,189.000,16281.000,119.000
2020-09-30,1297.036,15.000,2273.663,7.735,92.000,3.000,95.371,66.000,212.000,16172.000,119.000
2020-10-01,1206.653,16.000,2217.647,7.193,99.000,2.000,92.136,60.000,166.000,15001.000,121.000
2020-10-02,1364.308,16.000,2287.628,6.863,126.000,1.000,98.552,60.000,202.000,14851.000,120.000
2020-10-03,1290.932,14.000,2286.792,5.909,94.000,,99.666,68.000,334.000,12967.000,116.500
2020-10-04,693.390,12.000,1974.065,4.467,50.000,2.000,82.972,57.000,133.000,9342.000,110.000
2020-10-05,782.499,17.000,2178.209,2.646,34.000,,65.263,51.000,104.000,5755.789,79.000
2020-10-06,766.020,16.000,2148.613,2.817,30.000,2.000,63.490,53.000,103.000,6262.049,87.000
2020-10-07,900.976,17.000,2291.300,3.407,30.000,2.000,70.545,61.000,126.000,7368.000,104.000
2020-10-08,854.579,17.000,2315.658,2.921,30.000,6.000,72.087,60.000,97.000,6318.000,94.000
2020-10-09,741.513,16.000,2165.854,2.291,30.000,,74.030,60.000,86.000,4982.000,93.000
2020-10-10,805.248,14.000,2212.139,4.818,37.000,4.000,83.110,60.000,139.000,10511.000,117.000
2020-10-11,1143.825,14.000,2261.309,5.792,60.000,3.000,86.709,61.000,289.000,12803.000,106.000
2020-10-12,847.950,17.000,2221.652,4.112,39.000,4.000,79.933,58.000,117.000,8601.544,92.500
2020-10-13,852.001,17.000,2204.171,3.680,38.000,,76.824,60.000,122.000,7733.000,90.000
2020-10-14,824.798,16.000,2256.835,3.486,30.000,1.000,76.061,60.000,116.000,7398.000,110.500
2020-10-15,784.057,15.000,2246.728,2.517,30.000,1.000,72.326,57.000,100.000,5420.000,98.000
2020-10-16,727.685,15.000,2171.620,2.525,31.000,,72.083,58.000,101.000,5516.000,92.500
2020-10-17,913.175,14.000,2217.209,4.779,43.000,9.000,76.588,55.000,177.000,10548.000,105.000
2020-10-18,771.695,14.000,2248.435,3.009,30.000,6.000,69.480,56.000,106.000,6677.000,81.000
2020-10-19,893.281,17.000,2237.127,4.232,37.000,,69.601,56.000,114.000,8990.000,94.000
2020-10-20,851.657,16.000,2179.555,4.212,34.000,2.000,74.584,56.000,125.000,8984.000,103.500
2020-10-21,856.323,16.000,2152.715,3.548,41.000,3.000,67.303,56.000,98.000,7499.000,79.000
2020-10-22,699.259,12.000,2174.595,3.210,34.000,2.000,74.214,55.000,84.000,7079.000,108.000
2020-10-23,607.747,15.000,2151.871,2.450,31.000,1.000,67.627,55.000,99.000,5364.021,89.000
2020-10-24,683.957,15.000,2097.681,3.458,31.000,7.000,79.143,56.000,148.000,7690.979,93.500
2020-10-25,636.225,15.000,2017.245,2.018,31.000,5.000,63.492,52.000,81.000,4445.000,87.000
2020-10-26,866.158,15.000,2182.973,3.845,56.000,,76.408,54.000,136.000,8406.000,91.000
2020-10-27,886.655,17.000,2133.702,2.509,54.000,1.000,69.736,54.000,96.000,5485.000,87.000
2020-10-28,863.487,15.000,2195.769,2.223,50.000,2.000,74.691,60.000,64.000,4860.000,92.500
2020-10-29,804.730,13.000,2048.825,1.894,72.000,2.000,76.385,61.000,71.000,4156.000,91.000
2020-10-30,923.194,15.000,2143.525,1.706,70.000,,68.190,57.000,83.000,3783.000,91.000
2020-10-31,801.075,12.000,2088.260,3.331,53.000,1.000,78.866,61.000,152.000,7480.000,84.000
2020-11-01,1058.384,17.000,2398.307,4.328,62.000,7.000,83.044,60.000,209.000,9661.000,84.500
2020-11-02,912.279,16.000,2191.471,3.909,39.000,1.000,74.712,60.000,156.000,8630.000,91.000
2020-11-03,933.432,16.000,2258.445,4.436,31.000,4.000,87.410,66.000,143.000,9736.000,125.000
2020-11-04,920.865,14.000,2184.859,3.915,53.000,2.000,74.078,53.000,119.000,8730.000,109.000
2020-11-05,888.324,17.000,2184.286,4.119,48.000,,71.260,53.000,142.000,9140.000,94.000
2020-11-06,702.860,14.000,2071.137,2.220,32.000,1.000,69.517,60.000,84.000,4885.000,92.000
2020-11-07,663.452,14.000,1971.469,2.583,39.000,2.000,67.279,50.000,114.000,5812.000,79.000
2020-11-08,959.356,16.000,2332.870,5.236,35.000,11.000,84.498,62.000,169.000,11830.000,106.000
2020-11-09,796.202,15.000,2168.459,2.708,32.000,2.000,75.179,66.000,93.000,5907.000,89.500
2020-11-10,1010.612,18.000,2246.387,5.396,50.000,1.000,83.105,65.000,182.000,11786.000,111.000
2020-11-11,831.925,14.000,2197.198,4.236,42.000,4.000,82.015,62.000,107.000,9308.000,110.000
2020-11-12,1166.519,16.000,2276.733,5.470,69.000,2.000,84.229,64.000,183.000,12308.000,109.000
2020-11-13,901.756,16.000,2192.518,4.710,36.000,4.000,84.385,61.000,143.000,10239.000,113.000
2020-11-14,1026.607,14.000,2187.452,6.343,44.000,9.000,87.361,55.000,250.000,14276.000,109.000
2020-11-15,879.449,14.000,2125.037,4.328,44.000,14.000,82.004,56.000,185.000,9580.000,107.500
2020-11-16,924.794,15.000,2219.139,3.477,38.000,12.000,81.721,62.000,171.000,7608.000,84.000
2020-11-17,961.888,18.000,2294.510,3.930,30.000,17.000,75.329,60.000,220.000,8669.000,100.500
2020-11-18,705.384,14.000,2122.977,2.081,37.000,3.000,74.455,61.000,81.000,4647.000,100.500
2020-11-19,970.417,17.000,2247.707,3.827,54.000,3.000,75.719,62.000,138.000,8287.000,89.000
2020-11-20,651.960,13.000,2024.011,4.027,35.000,2.000,75.486,59.000,116.000,8701.653,79.500
2020-11-21,930.489,15.000,2193.707,4.507,40.000,9.000,80.125,64.000,182.000,10066.000,110.000
2020-11-22,1089.879,17.000,2371.844,5.627,41.000,5.000,87.614,62.000,209.000,12137.000,112.000
2020-11-23,825.482,17.000,2160.671,3.027,36.000,1.000,72.373,61.000,106.000,6827.160,102.000
2020-11-24,945.156,17.000,2328.125,4.238,36.000,7.000,71.480,54.000,152.000,9413.026,84.500
2020-11-25,971.497,17.000,2232.932,5.433,33.000,10.000,78.470,57.000,242.000,12105.000,89.000
2020-11-26,970.831,17.000,2445.333,4.752,32.000,8.000,79.084,65.000,148.000,10644.000,88.500
2020-11-27,663.268,15.000,2005.164,3.768,34.000,1.000,67.401,46.000,121.000,8302.000,105.000
2020-11-28,842.666,17.000,2164.873,3.428,39.000,23.000,72.246,50.000,157.000,7695.000,90.000
2020-11-29,935.059,17.000,2302.274,6.079,49.000,5.000,82.703,53.000,147.000,13303.977,111.000
2020-11-30,883.529,17.000,2232.628,4.165,32.000,10.753,70.817,54.000,150.000,9179.023,84.500
2020-12-01,941.237,17.000,2268.229,3.849,42.000,,72.285,59.000,127.000,8083.000,86.000
2020-12-02,671.899,15.000,2070.136,2.023,30.000,1.000,68.330,57.000,66.000,4476.266,97.000
2020-12-03,780.879,17.000,2129.941,2.339,37.000,4.000,68.479,57.000,94.000,5186.000,90.000
2020-12-04,880.433,17.000,2163.501,2.010,50.000,4.000,68.823,55.000,58.000,4426.000,75.000
2020-12-05,849.810,15.000,2312.786,3.903,30.000,,69.603,54.000,145.000,8742.000,89.000
2020-12-06,972.764,18.000,2394.837,4.936,30.000,25.000,77.259,59.000,165.000,10958.000,72.500
2020-12-07,815.590,13.000,2175.859,2.306,39.000,,76.728,57.000,74.000,5018.000,93.000
2020-12-08,889.414,17.000,2239.836,2.766,35.000,6.000,73.674,56.000,103.000,6061.000,87.500
2020-12-09,823.250,18.000,2299.371,2.945,30.000,18.000,79.224,67.000,106.000,6436.000,113.000
2020-12-10,789.041,16.000,2186.740,2.515,31.000,3.000,70.894,57.000,95.000,5523.000,82.000
2020-12-11,888.819,16.000,2259.071,3.256,36.000,2.000,79.050,63.000,109.000,7051.000,104.500
2020-12-12,1101.552,18.000,2476.352,4.821,33.000,17.948,77.859,57.000,216.000,10718.000,98.000
2020-12-13,1012.150,18.000,2317.952,5.292,35.000,17.000,77.537,61.000,186.000,11468.000,102.000
2020-12-14,802.823,16.000,2224.199,2.724,38.000,10.000,74.067,59.000,107.000,6055.000,92.000
2020-12-15,991.762,15.000,2348.733,3.124,56.000,5.000,73.450,58.000,128.000,6918.000,95.000
2020-12-16,912.740,14.000,2359.762,3.292,35.000,19.000,76.098,64.000,95.000,7247.491,99.000
2020-12-17,1070.355,16.000,2265.758,2.093,85.000,1.000,74.722,62.000,129.000,4699.509,98.000
2020-12-18,935.039,17.000,2189.295,2.593,58.000,2.000,75.489,62.000,100.000,5833.000,109.000
2020-12-19,1403.521,17.000,2459.219,7.982,41.000,8.000,82.596,67.000,320.000,17893.000,99.000
2020-12-20,1024.302,14.000,2533.368,3.488,39.000,3.000,80.097,64.000,135.000,7831.000,102.000
2020-12-21,736.591,12.000,2035.797,1.212,56.000,,73.962,64.000,67.000,2702.000,89.000
2020-12-22,799.279,14.000,2227.852,2.672,31.000,2.000,75.735,60.000,108.000,5935.000,110.000
2020-12-23,829.498,17.000,2276.360,2.698,32.000,,75.962,57.000,134.000,6085.000,90.000
2020-12-24,683.006,14.000,2109.759,2.721,31.000,,81.596,63.000,100.000,6076.000,92.500
2020-12-25,842.754,16.000,2282.819,3.245,34.000,2.000,80.951,60.000,157.000,7312.000,92.000
2020-12-26,945.846,14.000,2232.582,3.682,42.000,4.000,89.060,64.000,162.000,8168.000,112.000
2020-12-27,1068.028,12.000,2621.128,2.332,77.000,3.000,87.245,62.000,79.000,5102.611,98.000
2020-12-28,1365.285,17.000,2325.300,7.500,51.000,,103.163,66.000,363.000,16735.000,122.000
2020-12-29,1083.113,17.000,2356.581,4.866,51.000,,84.086,57.000,249.000,10975.000,88.000
2020-12-30,1181.026,15.000,2310.457,6.710,48.000,,90.402,58.000,350.000,15008.000,101.500
2020-12-31,850.921,16.000,2200.925,3.153,50.000,1.000,75.710,53.000,131.000,7087.000,94.000
2021-01-01,1054.773,17.000,2218.421,4.060,76.000,,85.211,52.000,204.000,9070.000,103.000
2021-01-02,718.983,14.000,2165.513,3.044,30.000,,74.521,54.000,111.000,6488.000,96.000
2021-01-03,729.372,14.000,2065.899,4.793,39.000,1.000,79.610,53.000,154.000,10595.000,110.000
2021-01-04,682.200,15.000,2194.405,1.897,30.000,,70.797,55.000,71.000,4082.000,85.000
2021-01-05,848.132,17.000,2202.074,3.239,38.000,,80.698,52.000,120.000,6663.000,88.500
2021-01-06,731.197,14.000,2171.216,2.701,33.000,,66.885,55.000,94.000,5852.000,93.000
2021-01-07,773.731,14.000,2241.351,2.272,32.000,,73.718,56.000,96.000,4701.000,93.000
2021-01-08,722.014,15.000,2187.006,1.930,31.000,,69.720,55.000,90.000,4269.000,95.000
2021-01-09,718.572,17.000,2299.868,1.702,30.000,,66.960,54.000,79.000,3691.000,91.000
2021-01-10,1022.242,14.000,2185.234,4.305,69.000,,85.607,54.000,211.000,9517.000,110.000
2021-01-11,722.051,16.000,2199.414,3.165,30.000,,70.798,56.000,91.000,6878.000,111.000
2021-01-12,763.052,14.000,2223.610,3.442,31.000,,76.716,56.000,120.000,7434.000,117.000
2021-01-13,676.724,15.000,2150.252,1.554,31.000,,70.090,55.000,71.000,3358.000,100.000
2021-01-14,785.767,16.000,2214.918,3.419,30.000,,75.014,54.000,130.000,7305.000,119.000
2021-01-15,739.489,14.000,2119.897,1.686,47.000,,69.423,57.000,68.000,3694.000,95.000
2021-01-16,854.326,18.000,2313.268,2.391,40.000,,68.606,55.000,87.000,5347.000,77.500
2021-01-17,720.856,16.000,2244.119,3.720,33.000,,79.226,54.000,150.000,8158.000,115.000
2021-01-18,780.794,17.000,2288.347,2.196,30.000,,74.860,56.000,111.000,4860.000,88.500
2021-01-19,825.653,16.000,2285.345,4.073,31.000,,74.057,57.000,115.000,8732.000,107.000
2021-01-20,791.656,14.000,2225.962,3.116,30.000,,71.784,55.000,116.000,6474.000,84.000
2021-01-21,743.677,17.000,2193.301,3.982,30.000,,70.720,52.000,146.000,8476.000,116.000
2021-01-22,755.624,15.000,2210.723,2.643,31.000,1.000,73.945,55.000,110.000,5757.000,106.000
2021-01-23,1084.541,15.000,2611.127,2.486,63.000,15.000,87.150,61.000,110.000,5339.740,85.500
2021-01-24,1015.949,17.000,2286.009,3.281,60.000,6.000,65.851,50.000,137.000,7218.000,90.000
2021-01-25,874.388,17.000,2174.216,2.328,63.000,3.000,71.782,53.000,92.000,5009.000,96.500
2021-01-26,817.801,16.000,2234.026,2.535,30.000,3.000,73.121,61.000,131.000,5496.000,110.000
2021-01-27,661.237,12.000,2114.148,1.507,33.000,1.000,75.961,62.000,43.000,3194.000,85.500
2021-01-28,771.120,17.000,2232.465,2.643,30.000,2.000,74.374,61.000,104.000,5722.000,107.000
2021-01-29,788.136,13.000,2214.146,1.477,52.000,,73.724,58.000,45.000,3179.000,93.000
2021-01-30,688.915,12.000,2166.224,3.016,30.000,4.000,79.141,65.000,123.000,6687.000,101.000
2021-01-31,846.370,18.000,2253.935,3.208,30.000,6.000,74.526,61.000,125.000,6998.000,99.000
2021-02-01,877.940,17.000,2257.754,3.762,32.000,1.000,79.942,65.000,120.000,7928.000,98.000
2021-02-02,899.353,17.000,2254.138,3.681,42.000,6.000,81.122,65.000,140.000,7684.000,97.500
2021-02-03,721.671,14.000,2143.322,2.120,30.000,2.000,78.749,66.000,70.000,4618.000,102.000
2021-02-04,866.581,14.000,2282.947,2.293,46.000,,78.922,66.000,87.000,4968.000,124.000
2021-02-05,877.378,16.000,2217.115,2.474,42.000,,80.016,64.000,96.000,5348.000,115.000
2021-02-06,751.551,14.000,2114.784,2.806,33.000,4.000,83.707,67.000,125.000,5976.000,101.000
2021-02-07,1036.220,14.000,2337.631,3.863,59.000,10.000,83.958,62.000,145.000,8472.000,100.500
2021-02-08,818.276,18.000,2259.284,2.500,30.000,4.000,71.527,60.000,89.000,5374.000,103.000
2021-02-09,984.479,19.000,2274.642,4.497,44.000,6.000,78.469,58.000,132.000,9266.000,98.500
2021-02-10,1005.782,16.000,2268.721,5.031,35.000,4.000,90.677,70.000,180.000,10553.000,107.000
2021-02-11,794.117,17.000,2190.820,2.880,30.000,,81.945,66.000,101.000,5992.000,94.500
2021-02-12,932.632,16.000,2194.884,4.181,34.000,3.000,88.990,69.000,117.000,8563.000,109.500
2021-02-13,1032.890,17.000,2347.496,5.560,47.000,5.000,85.061,68.000,179.000,11834.804,100.000
2021-02-14,1088.725,15.000,2159.927,3.614,114.000,4.393,89.418,67.000,138.000,7904.000,98.000
2021-02-15,764.627,16.000,2201.648,2.176,30.000,2.000,80.488,69.000,95.000,4703.000,111.500
2021-02-16,782.124,14.000,2137.593,2.713,46.000,4.000,86.481,67.000,114.000,5875.000,94.000
2021-02-17,939.799,16.000,2243.828,3.646,35.000,1.000,84.111,64.000,131.000,7565.000,101.000
2021-02-18,876.740,17.000,2220.752,3.515,33.000,2.000,83.862,68.000,105.000,7236.000,107.000
2021-02-19,825.503,16.000,2163.239,3.370,32.000,2.000,81.999,64.000,111.000,6847.000,101.000
2021-02-20,1050.419,16.000,2346.296,5.990,39.000,4.000,88.826,67.000,182.000,12809.000,104.000
2021-02-21,1052.694,13.000,2252.436,5.463,60.000,6.000,91.299,67.000,245.000,11838.000,98.000
2021-02-22,981.111,18.000,2322.505,3.903,45.000,14.000,79.721,66.000,136.000,8065.000,103.000
2021-02-23,763.781,17.000,2117.846,1.971,45.000,3.000,79.371,62.000,67.200,4176.000,101.000
2021-02-24,783.313,16.000,2157.117,2.708,30.000,5.000,74.688,59.000,94.000,5545.000,107.500
2021-02-25,818.073,13.000,2163.056,3.452,34.000,,84.077,66.000,110.000,7227.000,98.000
2021-02-26,813.561,16.000,2217.352,2.103,34.000,,75.803,63.000,83.000,4549.000,104.000
2021-02-27,1003.377,17.000,2269.458,5.813,30.000,7.000,89.892,65.000,247.000,12526.000,121.000
2021-02-28,809.280,17.000,2120.102,3.691,36.000,6.000,82.080,63.000,130.000,7813.000,96.500
2021-03-01,846.995,17.000,2187.247,4.076,34.000,1.000,85.307,61.000,144.000,8278.000,100.000
2021-03-02,915.684,15.000,2217.389,3.854,43.000,3.000,83.225,65.000,135.000,7783.000,106.000
2021-03-03,849.751,14.000,2167.989,3.193,45.000,4.000,81.126,62.000,97.000,6817.000,101.000
2021-03-04,714.792,17.000,2130.846,1.693,40.000,,72.551,62.000,64.000,3676.000,95.000
2021-03-05,662.899,15.000,2129.452,1.578,30.000,,73.438,62.000,66.000,3445.000,96.000
2021-03-06,976.196,18.000,2220.088,3.694,53.000,7.000,75.487,58.000,154.000,8091.000,96.000
2021-03-07,882.767,14.000,2188.085,3.085,49.000,6.000,83.301,63.000,146.000,6759.000,102.000
2021-03-08,674.540,15.000,2055.726,3.402,33.000,1.000,79.614,62.000,94.000,7380.208,96.000
2021-03-09,828.064,17.000,2156.718,4.062,35.000,4.000,78.200,59.000,115.000,8818.000,120.000
2021-03-10,754.658,17.000,2154.992,3.581,34.000,3.000,85.978,66.000,100.000,7678.000,123.000
2021-03-11,642.128,12.000,2054.914,1.490,33.000,,78.011,65.000,48.000,3246.000,94.000
2021-03-12,796.403,17.000,2116.793,3.906,42.000,1.000,84.992,63.000,115.000,8401.000,120.000
2021-03-13,913.001,14.000,2243.210,5.347,44.000,1.000,93.241,64.000,166.000,11602.000,128.000
2021-03-14,937.609,16.000,2131.355,5.590,41.000,7.000,85.390,62.000,182.000,12032.000,119.000
2021-03-15,822.052,14.000,2132.384,3.794,43.000,3.000,79.117,56.000,98.000,7881.000,93.500
2021-03-16,970.834,17.000,2264.746,5.367,47.000,11.000,91.428,60.000,155.000,11752.000,122.000
2021-03-17,760.845,16.000,2193.229,2.299,30.000,2.000,76.094,62.000,78.000,5022.000,99.000
2021-03-18,770.492,15.000,2122.281,2.224,36.000,1.000,73.210,61.000,83.000,4767.062,100.000
2021-03-19,555.370,13.000,1965.189,1.709,30.000,,72.322,58.000,60.000,3746.000,97.500
2021-03-20,752.287,15.000,2176.983,2.265,32.000,3.000,77.095,58.000,74.000,4920.000,99.000
2021-03-21,867.770,13.000,2218.789,5.021,38.000,12.591,88.791,59.000,145.000,11165.000,116.000
2021-03-22,983.115,14.000,2324.499,5.409,33.000,10.000,88.983,64.000,168.000,11929.474,117.000
2021-03-23,846.279,18.000,2114.157,4.848,30.000,2.000,81.115,60.000,125.000,10774.000,106.000
2021-03-24,723.008,15.000,2067.474,3.554,31.000,3.000,88.346,64.000,99.000,7670.000,129.000
2021-03-25,762.084,14.000,2140.564,3.665,38.000,,83.250,62.000,87.000,8123.000,122.000
2021-03-26,924.585,17.000,2218.535,5.103,38.000,9.584,84.547,60.000,142.000,11141.000,127.000
2021-03-27,956.451,14.000,2217.862,5.525,43.000,12.000,98.402,62.000,211.000,12256.000,126.000
2021-03-28,800.968,15.000,2052.094,4.465,43.000,4.000,72.522,57.000,147.000,9632.000,112.500
2021-03-29,683.325,16.000,2052.624,3.617,33.000,6.000,86.330,60.000,102.000,7908.000,130.000
2021-03-30,904.034,17.000,2178.899,4.996,42.000,5.000,85.412,63.000,126.000,10944.000,113.000
2021-03-31,957.969,17.000,2132.128,5.486,62.000,2.000,89.869,64.000,140.000,11537.000,125.000
2021-04-01,997.868,15.000,2110.197,5.558,70.000,4.000,90.857,62.000,166.000,11673.000,136.000
2021-04-02,875.188,17.000,2146.128,4.627,37.000,5.000,84.115,61.000,153.000,10054.000,130.000
2021-04-03,755.080,16.000,2185.710,3.491,30.000,2.000,72.320,58.000,118.000,7728.000,82.000
2021-04-04,817.977,16.000,2151.111,4.299,30.000,11.000,78.567,57.000,168.000,9446.000,115.000
2021-04-05,777.220,15.000,2165.569,3.947,35.000,5.000,80.979,55.000,101.000,8591.000,133.000
2021-04-06,988.905,17.000,2247.562,4.790,71.000,3.000,82.213,58.000,153.000,10517.000,114.000
2021-04-07,1169.818,17.000,2259.540,5.171,94.000,4.000,92.269,61.000,173.000,11272.000,125.000
2021-04-08,894.961,16.000,2244.129,4.526,36.000,,81.330,57.000,118.000,9791.000,114.000
2021-04-09,819.573,16.000,2250.542,3.820,37.000,,82.698,58.000,104.000,8364.000,126.000
2021-04-10,891.681,16.000,2117.366,5.645,47.000,7.000,85.541,57.000,175.000,12400.000,128.000
2021-04-11,819.220,14.000,2100.157,5.359,35.000,5.000,85.369,56.000,186.000,12121.000,122.000
2021-04-12,947.332,17.000,2296.567,4.732,40.000,1.000,75.182,56.000,141.000,10512.000,130.000
2021-04-13,846.683,16.000,2306.969,3.319,31.000,1.000,71.318,53.000,112.000,7399.000,82.000
2021-04-14,905.948,16.000,2092.959,2.046,62.000,3.000,68.823,57.000,77.000,4531.000,93.000
2021-04-15,627.508,16.000,2028.850,1.569,32.000,,80.918,67.000,67.000,3582.000,98.000
2021-04-16,932.125,16.000,2261.906,3.506,45.000,6.000,78.299,60.000,156.000,7790.000,95.000
2021-04-17,810.744,14.000,2186.787,3.549,31.000,6.000,77.120,58.000,141.000,7853.000,91.000
2021-04-18,935.225,16.000,2228.992,4.703,40.000,5.000,81.196,60.000,157.000,10134.000,88.500
2021-04-19,795.206,16.000,2214.555,3.285,31.000,7.000,72.317,56.000,91.000,6951.000,94.000
2021-04-20,739.615,15.000,2178.209,2.415,36.000,5.000,71.316,56.000,67.000,5302.000,98.500
2021-04-21,939.016,17.000,2251.196,4.800,52.000,3.000,77.458,53.000,122.000,10037.000,96.000
2021-04-22,975.604,17.000,2174.327,5.210,50.000,2.000,82.994,58.000,152.000,11072.000,102.000
2021-04-23,990.294,18.000,2253.621,4.762,56.000,2.000,81.697,56.000,136.000,10094.000,108.000
2021-04-24,1023.960,14.000,2283.035,5.127,49.000,6.000,85.718,65.000,174.000,10931.000,94.500
2021-04-25,943.343,16.000,2293.967,3.869,51.000,4.000,83.710,60.000,176.000,8613.000,91.000
2021-04-26,781.600,16.000,2187.570,3.229,35.000,5.000,71.187,51.000,111.000,7005.000,92.000
2021-04-27,1015.069,19.000,2307.345,5.490,43.000,10.000,81.193,62.000,201.000,11953.163,101.500
2021-04-28,996.404,16.000,2348.617,3.447,39.000,1.000,73.368,59.000,146.000,7626.000,96.000
2021-04-29,814.370,17.000,2212.835,3.933,30.000,6.000,73.391,56.000,121.000,8160.000,89.000
2021-04-30,806.341,14.000,2220.788,3.862,36.000,4.000,81.933,61.000,125.000,8384.000,92.000
2021-05-01,1107.509,17.000,2386.375,5.093,48.000,6.000,85.087,55.000,192.000,11284.000,107.500
2021-05-02,880.662,16.000,2280.326,4.046,30.000,14.987,75.922,64.000,188.000,8946.000,93.000
2021-05-03,1210.212,17.000,2365.482,5.998,82.000,11.000,87.925,57.000,152.000,12296.000,101.500
2021-05-04,1034.991,16.000,2263.543,4.182,73.000,1.000,84.010,60.000,132.000,9028.000,87.000
2021-05-05,1030.563,17.000,2237.440,4.580,66.000,5.000,85.569,60.000,142.000,9471.000,97.000
2021-05-06,947.492,17.000,2182.627,4.573,62.000,5.000,86.764,59.000,134.000,10073.000,99.000
2021-05-07,999.718,15.000,2153.792,4.559,77.000,5.000,82.032,57.000,155.000,9848.000,94.500
2021-05-08,915.750,16.000,2182.946,4.936,40.000,10.000,83.522,61.000,203.000,10887.000,97.000
2021-05-09,985.537,18.000,2368.049,4.586,30.000,8.000,75.927,54.000,168.000,10103.000,97.000
2021-05-10,933.774,15.000,2154.676,4.849,61.000,1.000,81.151,57.000,148.000,10219.000,90.500
2021-05-11,953.793,16.000,2194.882,5.003,57.000,5.000,82.912,63.000,161.000,10629.000,101.000
2021-05-12,815.366,16.000,2190.046,1.873,43.000,3.000,71.653,56.000,67.000,4147.000,96.000
2021-05-13,975.747,15.000,2291.400,5.114,32.000,1.000,86.891,60.000,158.000,11419.000,107.000
2021-05-14,874.644,16.000,2161.867,3.656,54.000,1.000,86.478,59.000,122.000,7949.000,109.000
2021-05-15,818.628,15.000,2215.733,2.712,38.000,5.000,75.165,58.000,112.000,6157.332,102.000
2021-05-16,928.599,16.000,2260.113,3.365,48.000,5.000,71.713,59.000,155.000,7650.866,100.500
2021-05-17,723.293,16.000,2193.196,1.890,30.000,1.000,64.677,53.000,75.000,4187.000,88.000
2021-05-18,740.078,17.000,2204.240,2.465,31.000,4.000,77.363,55.000,106.000,5564.000,95.000
2021-05-19,878.255,15.000,2237.080,4.122,36.000,4.000,83.383,59.000,163.000,9020.000,98.500
2021-05-20,905.142,16.000,2265.706,3.649,37.000,1.000,79.491,57.000,154.000,8048.000,97.500
2021-05-21,722.784,15.000,2227.054,2.614,34.000,2.000,76.426,57.000,85.000,5741.000,91.500
2021-05-22,1009.418,18.000,2323.495,5.031,45.000,10.000,82.512,59.000,204.000,10763.000,95.000
2021-05-23,1001.501,15.000,2253.856,5.497,40.000,8.000,88.697,62.000,272.000,12460.000,99.000
2021-05-24,1168.673,17.000,2320.951,4.842,79.000,8.000,87.426,55.000,212.000,10496.000,97.500
2021-05-25,1013.225,18.000,2340.146,4.547,49.000,2.000,82.506,58.000,172.000,9648.000,102.000
2021-05-26,1110.171,17.000,2208.261,4.922,71.000,15.000,83.537,56.000,215.000,10676.000,102.000
2021-05-27,896.599,16.000,2239.636,3.659,43.000,5.000,78.922,57.000,150.000,7901.000,91.500
2021-05-28,926.866,17.000,2136.565,4.199,66.000,11.000,85.056,58.000,161.000,8993.000,102.500
2021-05-29,671.144,12.000,2082.242,2.505,48.000,3.000,78.831,55.000,104.000,5669.000,89.000
2021-05-30,880.144,17.000,2269.825,3.744,31.000,13.000,68.313,52.000,189.000,8470.000,93.000
2021-05-31,1057.095,16.000,2240.239,4.998,66.000,9.000,83.469,58.000,223.000,10785.000,99.000
2021-06-01,987.251,15.000,2183.501,5.397,62.000,6.000,86.517,56.000,145.000,11410.000,128.000
2021-06-02,984.323,14.000,2139.290,5.255,70.000,1.000,86.916,59.000,133.000,11269.000,115.000
2021-06-03,1039.203,15.000,2353.533,4.434,53.000,2.000,83.311,59.000,143.000,9666.000,107.000
2021-06-04,1054.181,16.000,2260.872,5.115,63.000,2.000,93.645,62.000,152.000,11135.000,136.000
2021-06-05,748.971,13.000,2150.559,3.199,36.000,3.000,79.010,56.000,146.000,7231.000,104.000
2021-06-06,871.966,16.000,2287.340,3.726,34.000,9.000,78.177,60.000,183.000,8231.000,101.000
2021-06-07,768.448,17.000,2213.566,2.421,30.000,2.000,70.308,52.000,122.000,5370.000,93.000
2021-06-08,927.920,16.000,2198.348,4.438,43.000,7.000,85.758,63.000,155.000,9341.000,107.000
2021-06-09,763.483,14.000,2133.000,3.578,39.000,3.000,86.649,60.000,123.000,7608.000,100.500
2021-06-10,755.151,17.000,2188.892,2.074,30.000,,71.803,58.000,105.000,4559.000,99.000
2021-06-11,948.805,17.000,2343.274,2.881,48.000,5.000,81.286,61.000,125.000,6361.000,106.000
2021-06-12,792.277,15.000,2224.424,3.135,31.000,9.000,86.139,71.000,146.000,6928.000,112.000
2021-06-13,815.689,17.000,2259.780,3.100,30.000,10.000,83.475,66.000,136.000,6792.000,106.500
2021-06-14,644.433,14.000,2053.893,1.818,30.000,2.000,69.709,57.000,78.000,4019.000,115.000
2021-06-15,757.366,15.000,2256.198,2.222,30.000,2.000,70.011,56.000,83.000,4976.000,114.000
2021-06-16,727.609,14.000,2181.434,2.168,30.000,1.000,75.784,58.000,85.000,4750.000,98.000
2021-06-17,929.419,16.000,2243.846,2.596,60.000,2.000,81.902,58.000,148.000,5681.009,111.000
2021-06-18,751.565,15.000,2133.932,2.338,36.000,1.000,70.161,60.000,79.000,5094.991,94.000
2021-06-19,841.698,16.000,2200.741,4.426,37.000,3.000,79.728,56.000,144.000,9704.000,114.000
2021-06-20,981.445,14.000,2172.186,5.618,57.000,6.000,97.914,55.000,219.000,12393.000,119.000
2021-06-21,845.184,16.000,2222.307,2.070,40.000,1.000,68.570,59.000,81.000,4570.000,90.000
2021-06-22,797.255,18.000,2164.728,4.134,33.000,4.000,80.483,56.000,128.000,9117.000,117.000
2021-06-23,760.781,17.000,2154.896,3.176,30.000,3.000,91.596,67.000,120.000,6799.000,107.000
2021-06-24,907.073,16.000,2288.335,3.381,30.000,3.000,74.598,60.000,144.000,7541.000,102.000
2021-06-25,729.735,17.000,2178.666,2.236,30.000,,73.047,57.000,83.000,4863.000,91.500
2021-06-26,886.828,16.000,2220.706,5.295,44.000,14.000,81.885,53.000,190.000,11710.000,118.000
2021-06-27,1268.360,18.000,2427.016,8.061,51.000,21.000,89.077,61.000,405.000,18007.000,110.000
2021-06-28,885.258,15.000,2201.873,4.239,33.000,7.000,72.432,58.000,211.000,9499.000,89.000
2021-06-29,985.869,17.000,2220.024,4.843,44.000,6.000,82.102,57.000,191.000,10313.000,114.000
2021-06-30,835.668,14.000,2147.569,4.126,42.000,5.000,80.572,56.000,124.000,8980.000,117.000
2021-07-01,897.971,18.000,2259.781,4.310,48.000,12.000,80.836,54.000,140.000,9407.414,122.500
2021-07-02,895.789,17.000,2296.372,3.512,31.000,9.000,69.967,54.000,139.000,7718.000,96.000
2021-07-03,884.324,16.000,2331.413,4.623,30.000,5.000,82.016,58.000,211.000,10296.936,102.000
2021-07-04,1082.837,16.000,2333.124,6.308,37.000,13.605,89.178,61.000,344.000,13943.000,111.500
2021-07-05,973.197,16.000,2316.712,5.475,40.000,9.000,88.118,65.000,244.000,12250.000,91.000
2021-07-06,1004.672,15.000,2228.784,5.208,52.000,1.000,83.113,59.000,180.000,10866.181,93.000
2021-07-07,857.402,14.000,2149.375,4.706,44.000,4.034,83.651,57.000,164.000,9868.000,107.000
2021-07-08,880.014,16.000,2182.702,4.473,47.000,5.000,78.949,56.000,138.000,9391.000,99.500
2021-07-09,813.808,16.000,2228.562,2.788,38.000,12.000,74.561,52.000,127.000,6181.000,101.500
2021-07-10,740.360,14.000,2074.260,2.346,44.000,3.000,72.755,56.000,119.000,5262.000,88.000
2021-07-11,876.570,16.000,2229.955,4.173,34.000,4.000,72.661,54.000,175.000,9316.000,108.500
2021-07-12,823.699,17.000,2234.313,3.685,35.000,2.000,72.991,55.000,132.000,8141.000,95.500
2021-07-13,847.464,17.000,2252.807,3.155,30.000,2.000,67.641,56.000,148.000,6961.000,85.000
2021-07-14,760.706,15.000,2162.604,2.942,31.000,1.000,69.959,55.000,116.000,6486.000,101.000
2021-07-15,835.313,16.000,2217.478,3.595,30.000,5.000,68.081,54.000,155.000,8038.000,102.000
2021-07-16,676.640,14.000,2131.856,2.071,30.000,3.000,74.097,52.000,71.000,4575.000,94.500
2021-07-17,809.108,16.000,2181.944,4.222,30.000,8.000,73.754,52.000,167.000,9212.000,98.000
2021-07-18,709.682,15.000,2079.418,2.575,43.000,9.000,71.381,49.000,104.000,5629.000,94.000
2021-07-19,810.818,16.000,2159.702,4.454,39.000,,84.447,57.000,130.000,9685.000,122.000
2021-07-20,1061.409,17.000,2224.056,3.745,69.000,3.000,81.766,56.000,172.000,8287.000,95.000
2021-07-21,821.946,17.000,2196.969,2.308,38.000,3.000,67.898,58.000,93.000,5099.000,88.500
2021-07-22,1038.276,17.000,2246.467,3.301,55.000,3.000,73.591,57.000,139.000,7340.000,96.000
2021-07-23,842.273,16.000,2293.637,2.984,31.000,4.000,81.592,59.000,135.000,6611.205,97.000
2021-07-24,1076.576,14.000,2174.541,5.917,67.000,15.000,85.673,56.000,290.000,13288.000,81.000
2021-07-25,774.793,17.000,2130.844,3.060,41.000,9.000,75.453,55.000,157.000,6895.000,94.000
2021-07-26,779.597,14.000,2135.299,2.907,30.000,,70.010,56.000,122.000,6499.000,92.500
2021-07-27,862.150,16.000,2232.692,3.769,32.000,4.000,77.025,57.000,147.000,8284.000,101.000
2021-07-28,912.107,16.000,2243.644,4.746,32.000,6.000,78.839,55.000,170.000,10053.000,98.000
2021-07-29,800.122,14.000,2135.239,4.180,30.000,6.000,72.749,55.000,182.000,9379.000,91.000
2021-07-30,814.916,16.000,2126.534,3.033,32.000,5.000,65.914,55.000,142.000,6607.000,82.000
2021-07-31,869.231,16.000,2174.290,4.509,44.000,9.000,80.890,52.000,166.000,9695.000,93.000
2021-08-01,1063.999,18.000,2321.407,6.279,42.000,6.000,79.030,54.000,217.000,13490.000,97.000
2021-08-02,879.751,17.000,2185.960,4.607,40.000,3.000,79.615,54.000,153.000,9800.000,98.500
2021-08-03,796.271,16.000,2145.222,3.905,30.000,2.000,78.270,55.000,151.000,8456.921,103.000
2021-08-04,788.412,16.000,2159.957,3.402,31.000,2.000,76.423,57.000,117.000,7316.000,93.000
2021-08-05,853.372,17.000,2248.203,4.315,31.000,2.000,77.450,59.000,159.000,9467.000,92.000
2021-08-06,787.427,16.000,2117.137,2.307,38.000,2.000,66.199,53.000,88.000,5035.000,78.000
2021-08-07,859.496,14.000,2149.526,5.075,45.000,5.000,86.418,58.000,202.000,11269.000,108.000
2021-08-08,1092.326,16.000,2215.806,4.999,83.000,4.000,88.459,56.000,197.000,10882.000,114.000
2021-08-09,885.122,17.000,2244.015,4.303,36.000,4.000,78.719,60.000,164.000,9409.000,100.000
2021-08-10,900.101,16.000,2269.297,3.857,34.000,1.000,75.696,56.000,141.000,8486.013,96.000
2021-08-11,811.905,16.000,2207.682,3.280,30.000,1.000,70.157,57.000,118.000,7235.987,101.000
2021-08-12,786.387,19.000,2193.336,3.425,30.000,1.000,78.863,58.000,116.000,7440.000,99.500
2021-08-13,699.337,15.000,2141.364,1.934,30.000,9.000,69.715,57.000,67.000,4270.000,91.000
2021-08-14,841.534,14.000,2110.527,5.482,44.000,5.000,91.478,56.000,192.000,11979.000,117.000
2021-08-15,929.520,17.000,2255.852,3.902,42.000,3.000,72.524,55.000,151.000,8376.000,83.000
2021-08-16,834.667,15.000,2182.374,3.745,31.000,5.000,68.019,52.000,141.000,8174.000,102.000
2021-08-17,780.642,17.000,2147.413,3.258,39.000,,68.017,54.000,126.000,7125.000,95.000
2021-08-18,762.726,16.000,2120.996,2.687,31.000,,69.919,56.000,126.000,5860.000,98.000
2021-08-19,882.784,16.000,2192.810,4.660,43.000,1.000,76.353,56.000,148.000,9734.000,93.000
2021-08-20,749.033,15.000,2117.056,1.444,52.000,,67.514,53.000,52.000,3178.000,88.000
2021-08-21,838.836,15.000,2149.095,4.985,41.000,12.000,86.179,62.000,194.000,10323.000,101.000
2021-08-22,976.973,16.000,2270.574,5.325,40.000,9.000,75.922,54.000,213.000,11697.000,84.500
2021-08-23,983.901,15.000,2117.129,3.166,74.000,1.000,73.925,55.000,114.000,6948.000,94.000
2021-08-24,848.697,15.000,2118.273,4.152,42.000,1.000,83.750,56.000,158.000,8610.000,91.000
2021-08-25,919.031,16.000,2217.080,4.115,42.000,1.000,78.529,57.000,137.000,8502.000,100.000
2021-08-26,901.305,18.000,2185.066,4.074,41.000,,82.163,56.000,148.000,8518.000,100.500
2021-08-27,861.852,17.000,2222.479,3.235,37.000,2.000,75.776,61.000,158.000,7126.000,96.000
2021-08-28,937.117,16.000,2290.985,5.948,35.000,3.000,85.466,58.000,229.000,13021.000,118.000
2021-08-29,898.795,16.000,2272.048,4.068,32.000,,78.670,54.000,224.000,9042.000,109.000
2021-08-30,909.766,17.000,2303.411,3.814,45.000,,84.452,51.000,232.000,8316.000,91.000
2021-08-31,947.273,15.000,2212.143,5.197,54.000,,78.117,57.000,217.000,10901.000,88.000
2021-09-01,962.444,16.000,2366.813,4.317,48.000,,83.001,54.000,257.000,9432.000,80.000
2021-09-02,1009.044,16.000,2136.511,4.123,81.000,,92.582,54.000,208.000,9108.000,104.000
2021-09-03,745.825,16.000,2156.986,2.410,33.000,,74.183,48.000,140.000,5310.000,94.500
2021-09-04,908.486,16.000,2170.561,4.369,69.000,,81.491,48.000,195.000,9816.000,81.000
2021-09-05,890.748,16.000,2370.586,2.927,31.000,,68.527,50.000,177.000,6599.000,80.500
2021-09-06,808.820,17.000,2248.717,3.357,31.000,,73.665,54.000,202.000,7451.000,93.000
2021-09-07,730.122,16.000,2154.369,2.551,36.000,,71.578,51.000,117.000,5697.000,83.000
2021-09-08,760.275,16.000,2188.588,2.047,30.000,,65.248,47.000,135.000,4596.250,86.000
2021-09-09,1163.486,15.000,2080.146,3.743,96.000,,94.203,54.000,175.000,8307.000,106.000
2021-09-10,744.424,16.000,2159.824,2.286,46.000,1.000,74.285,57.000,104.000,5146.000,84.500
2021-09-11,808.904,15.000,2184.258,3.848,47.000,3.000,89.796,63.000,150.000,8623.000,102.500
2021-09-12,1078.812,15.000,2302.318,4.959,50.000,14.000,74.454,57.000,260.000,11019.000,82.500
2021-09-13,932.647,16.000,2193.301,3.071,55.000,1.000,68.072,54.000,122.000,6747.000,91.000
2021-09-14,774.514,17.000,2154.619,3.302,30.000,4.000,78.811,62.000,124.000,6981.000,100.500
2021-09-15,907.445,17.000,2242.115,4.243,30.000,3.000,76.014,63.000,179.000,9254.000,102.000
2021-09-16,893.038,17.000,2149.699,2.465,59.000,2.000,72.664,62.000,98.000,5442.000,101.500
2021-09-17,776.427,16.000,2133.998,2.489,30.000,3.000,71.330,58.000,108.000,5438.000,96.000
2021-09-18,744.698,16.000,2120.481,3.111,30.000,5.000,76.705,57.000,113.000,6886.000,115.000
2021-09-19,997.656,17.000,2262.474,4.721,35.000,3.000,79.381,62.000,206.000,10367.000,99.000
2021-09-20,1013.034,15.000,2257.003,5.329,48.000,3.000,94.348,59.000,172.000,11690.000,114.000
2021-09-21,844.305,16.000,2247.128,3.486,16.000,3.000,74.542,62.000,157.000,7622.000,96.500
2021-09-22,1008.666,15.000,2181.014,4.721,69.000,3.000,89.079,70.000,186.000,10459.000,109.000
2021-09-23,615.386,14.000,1979.129,1.656,32.000,,73.069,59.000,69.000,3661.000,89.000
2021-09-24,785.403,15.000,2152.646,2.070,39.000,1.000,71.635,59.000,81.000,4527.000,87.000
2021-09-25,749.953,16.000,2155.752,2.300,33.000,5.000,69.857,53.000,86.000,5073.000,84.500
2021-09-26,1041.262,19.000,2194.837,1.886,82.000,4.000,69.621,59.000,93.000,4086.000,90.500
2021-09-27,699.995,16.000,2234.794,2.681,13.000,,74.461,63.000,107.000,5773.000,96.000
2021-09-28,672.576,16.000,2186.039,2.620,10.000,1.000,79.438,62.000,111.000,5726.000,108.500
2021-09-29,687.393,17.000,2192.513,2.327,10.000,1.000,74.374,63.000,125.000,5099.000,100.500
2021-09-30,664.919,16.000,2144.926,2.604,11.000,1.000,70.832,59.000,128.000,5709.000,86.000
2021-10-01,1028.074,17.000,2343.653,4.864,38.000,5.000,89.184,63.000,190.000,10529.000,130.000
2021-10-02,984.497,15.000,2277.211,4.050,52.000,17.000,87.221,69.000,189.000,8763.000,115.500
2021-10-03,1069.502,17.000,2372.063,5.492,37.000,3.000,83.748,60.000,184.000,11862.000,133.000
2021-10-04,799.896,16.000,2205.136,2.858,30.000,1.000,75.802,55.000,126.000,6243.000,94.000
2021-10-05,812.101,17.000,2204.618,3.061,30.000,3.000,74.901,57.000,126.000,6729.000,108.500
2021-10-06,703.241,15.000,2204.035,2.906,10.000,1.000,75.261,61.000,105.000,6144.000,101.500
2021-10-07,639.601,15.000,2193.533,2.399,12.000,2.000,74.509,63.000,99.000,5237.000,95.000
2021-10-08,790.984,16.000,2403.263,3.071,12.000,9.245,76.133,64.000,109.000,6612.000,100.000
2021-10-09,826.364,15.000,2298.400,4.137,11.000,9.000,80.821,67.000,201.000,9059.000,91.500
2021-10-10,1161.833,15.000,2332.201,6.187,43.000,7.000,86.538,61.000,313.000,13590.000,103.000
2021-10-11,751.162,15.000,2178.280,3.515,32.000,3.000,77.217,58.000,128.000,7741.542,91.000
2021-10-12,1115.127,16.000,2261.632,4.890,67.000,5.000,82.643,54.000,190.000,10469.000,92.000
2021-10-13,871.209,16.000,2252.866,3.380,30.000,8.878,77.030,58.000,134.000,7090.000,102.000
2021-10-14,835.870,17.000,2318.992,3.217,30.000,,77.935,62.000,126.000,6984.000,101.000
2021-10-15,864.826,18.000,2181.559,2.489,37.000,2.847,74.834,61.000,101.000,5411.000,97.000
2021-10-16,855.958,16.000,2172.046,4.038,38.000,3.000,88.994,59.000,146.000,8813.000,142.000
2021-10-17,742.435,17.000,2275.826,2.793,10.000,1.000,73.075,61.000,132.000,6195.000,66.000
2021-10-18,764.968,14.000,2277.797,3.059,13.000,,75.940,61.000,113.000,6637.000,104.000
2021-10-19,729.034,16.000,2184.987,2.920,16.000,1.000,72.055,60.000,101.000,5499.000,102.000
2021-10-20,781.104,17.000,2221.765,3.497,15.000,1.000,75.618,64.000,112.000,7498.000,93.500
2021-10-21,654.877,15.000,2189.673,2.449,12.000,2.000,73.202,59.000,92.000,5354.000,104.500
2021-10-22,821.299,15.000,2266.288,3.655,14.000,2.000,81.634,62.000,135.000,8040.000,108.500
2021-10-23,759.868,16.000,2231.782,3.712,14.000,3.000,79.595,66.000,171.000,8202.000,97.500
2021-10-24,1093.631,17.000,2332.993,5.108,45.000,6.000,81.816,63.000,201.000,11252.000,99.000
2021-10-25,809.877,16.000,2292.683,3.418,13.000,,75.615,62.000,116.000,7274.000,105.500
2021-10-26,760.213,18.000,2217.869,3.450,13.000,,74.573,61.000,133.000,7403.000,106.000
2021-10-27,769.746,16.000,2224.667,3.140,11.000,1.000,71.461,59.000,132.000,6657.000,91.000
2021-10-28,603.251,15.000,2069.535,2.866,18.000,2.000,74.723,61.000,99.000,6200.000,97.500
2021-10-29,828.033,17.000,2230.291,3.112,27.000,6.000,76.313,62.000,124.000,6771.000,99.000
2021-10-30,817.142,14.000,2185.984,3.497,29.000,2.000,77.335,63.000,124.000,7659.000,107.000
2021-10-31,1002.375,17.000,2279.643,4.136,42.000,6.000,79.639,57.000,182.000,9056.628,90.500
2021-11-01,748.555,15.000,2189.240,2.955,23.000,,74.896,59.000,110.000,6176.000,96.000
2021-11-02,788.253,17.000,2273.027,2.536,20.000,2.000,77.375,66.000,103.000,5501.000,102.000
2021-11-03,781.641,16.000,2184.074,2.884,27.000,1.000,74.149,60.000,129.000,6134.000,100.500
2021-11-04,710.267,16.000,2174.261,2.638,20.000,,75.193,61.000,97.000,5716.000,99.000
2021-11-05,710.248,14.000,2221.979,2.200,15.000,2.000,74.688,61.000,87.000,4808.000,101.500
2021-11-06,676.935,13.000,1946.468,1.939,55.000,,77.118,62.000,88.000,4362.000,102.000
2021-11-07,850.874,15.000,2364.161,3.617,18.000,13.000,83.198,64.000,155.000,7923.000,97.000
2021-11-08,597.437,14.000,2101.782,1.954,15.000,1.000,77.751,62.000,72.000,4263.000,100.000
2021-11-09,944.665,17.000,2257.536,4.523,16.000,4.000,79.606,63.000,200.000,9812.125,112.000
2021-11-10,1058.967,18.000,2587.491,3.618,39.000,5.000,84.096,61.000,185.000,7925.875,118.000
2021-11-11,1044.950,18.000,2382.470,4.810,32.000,4.000,78.483,62.000,217.000,10686.000,94.000
2021-11-12,1090.443,18.000,2387.440,4.928,48.000,8.000,87.576,63.000,189.000,10808.000,106.000
2021-11-13,759.760,14.000,2314.429,2.861,23.000,3.000,79.836,54.000,147.000,6395.000,95.000
2021-11-14,677.868,12.000,2241.526,2.511,15.000,1.000,78.596,66.000,116.000,5424.000,106.000
2021-11-15,802.527,14.000,2155.664,3.975,34.000,2.000,77.615,55.000,137.000,8233.000,94.000
2021-11-16,636.790,13.000,2100.529,2.451,16.000,,76.869,65.000,99.000,5262.000,105.500
2021-11-17,813.696,15.000,2230.579,3.240,16.000,3.000,78.006,62.000,146.000,7044.000,109.500
2021-11-18,767.377,18.000,2238.501,3.310,15.000,3.000,75.326,65.000,123.000,7151.000,101.500
2021-11-19,690.853,13.000,2085.487,2.427,26.000,4.000,76.256,65.000,106.000,5339.000,98.000
2021-11-20,671.080,16.000,2175.518,2.456,21.000,,75.949,56.000,121.000,5473.000,98.500
2021-11-21,782.899,17.000,2178.590,2.989,21.000,3.000,77.283,65.000,131.000,6518.000,106.500
2021-11-22,750.198,12.000,2231.407,3.214,18.000,2.000,80.051,65.000,95.000,6945.000,108.000
2021-11-23,637.741,13.000,2099.852,1.300,24.000,,70.589,59.000,41.000,2865.000,89.000
2021-11-24,638.773,14.000,2166.312,2.130,7.425,3.000,77.087,65.000,90.000,4624.035,109.000
2021-11-25,622.683,12.000,2080.847,3.658,12.575,7.000,85.185,69.000,147.000,8081.000,119.500
2021-11-26,509.211,14.000,2019.442,1.762,5.000,2.000,70.565,61.000,67.000,3885.000,82.000
2021-11-27,621.422,15.000,2142.864,2.045,4.000,,75.937,63.000,74.000,4468.000,108.500
2021-11-28,674.539,16.000,2169.142,2.041,7.000,6.000,74.589,63.000,68.000,4402.000,105.000
2021-11-29,833.645,17.000,2243.815,3.371,12.000,,80.124,67.000,147.000,7301.000,106.000
2021-11-30,446.286,12.000,2014.189,1.718,,,87.290,76.000,73.000,3855.000,103.500
2021-12-01,457.679,13.000,1962.587,1.149,11.000,1.000,82.037,75.000,51.000,2550.000,104.000
2021-12-02,599.489,14.000,2112.758,1.865,4.000,4.000,77.149,67.000,84.000,4082.000,104.000
2021-12-03,422.071,11.000,2003.237,1.189,4.000,2.000,83.000,70.000,41.000,2591.878,114.000
2021-12-04,453.006,12.000,1980.632,2.301,7.000,,84.269,72.000,76.000,5054.000,111.000
2021-12-05,814.004,15.000,2275.953,4.486,14.000,13.000,74.558,61.000,166.000,9916.000,89.000
2021-12-06,713.887,16.000,2191.721,3.341,17.000,7.000,75.511,63.000,117.000,7296.000,101.000
2021-12-07,672.401,16.000,2207.225,2.935,5.000,6.000,71.063,58.000,98.000,6482.000,98.000
2021-12-08,491.905,14.000,2067.587,1.989,4.000,2.000,70.869,57.000,57.000,4375.000,92.500
2021-12-09,740.684,16.000,2169.860,3.591,18.000,7.000,77.208,56.000,143.000,7743.000,91.500
2021-12-10,601.312,15.000,2115.019,2.701,4.000,2.000,70.671,53.000,102.000,5961.574,92.000
2021-12-11,751.395,16.000,2272.825,4.276,14.000,9.000,70.583,52.000,149.000,9722.000,90.000
2021-12-12,830.512,17.000,2323.092,3.857,11.000,17.000,80.955,61.000,177.000,8536.000,99.000
2021-12-13,625.838,12.000,2106.483,3.034,18.000,,83.015,69.000,113.000,6626.000,101.000
2021-12-14,916.422,17.000,2337.470,4.436,22.000,4.000,82.220,64.000,160.000,9675.000,95.000
2021-12-15,727.575,14.000,2201.242,4.093,15.000,2.000,86.502,61.000,148.000,8939.000,119.500
2021-12-16,566.314,14.000,2123.868,2.675,1.000,,73.526,56.000,123.000,5963.000,97.000
2021-12-17,603.710,13.000,2285.596,2.421,4.000,1.000,81.928,56.000,113.000,5594.487,100.000
2021-12-18,674.913,15.000,2211.449,3.391,,1.000,70.454,52.000,141.000,7507.000,86.500
2021-12-19,672.991,17.000,2205.013,4.021,1.000,,76.611,53.000,174.000,9077.000,97.000
2021-12-20,798.161,16.000,2183.515,4.582,18.000,,89.175,62.000,180.000,10089.000,132.000
2021-12-21,962.920,18.000,2342.167,4.539,31.000,14.000,86.912,69.000,199.000,9861.000,131.000
2021-12-22,833.598,15.000,2258.441,4.198,17.000,16.000,78.915,63.000,207.000,9277.000,98.000
2021-12-23,991.850,16.000,2318.323,5.136,28.000,20.000,84.726,65.000,247.000,11295.000,95.000
2021-12-24,406.298,13.000,1956.418,1.808,7.000,4.000,71.354,61.000,59.000,4045.000,93.000
2021-12-25,709.288,14.000,2205.707,3.588,8.000,4.000,70.237,57.000,145.000,7955.904,89.000
2021-12-26,976.367,17.000,2335.076,5.603,15.000,16.000,74.812,60.000,245.000,12341.000,90.000
2021-12-27,932.050,17.000,2302.978,5.098,21.000,12.000,77.665,60.000,211.000,11130.000,94.000
2021-12-28,653.704,13.000,2106.085,3.477,11.000,9.000,75.065,53.000,174.000,7705.643,100.000
2021-12-29,701.549,17.000,2231.714,3.252,17.000,8.000,74.549,63.000,143.000,7078.357,97.500
2021-12-30,688.174,15.000,2245.809,3.117,7.000,4.000,77.025,56.000,110.000,6949.000,93.000
2021-12-31,624.617,14.000,2145.922,2.618,7.000,6.000,79.525,66.000,130.000,5827.258,94.000
2022-01-01,636.749,14.000,2146.132,3.023,13.000,6.000,73.380,57.000,105.000,6484.291,89.000
2022-01-02,950.930,17.000,2422.847,4.423,14.000,13.000,79.321,63.000,232.000,9735.000,101.000
2022-01-03,812.612,15.000,2290.516,4.941,10.000,6.000,73.579,62.000,187.000,10928.000,96.000
2022-01-04,739.214,14.000,2155.319,3.020,14.000,1.000,73.713,59.000,118.000,6557.000,98.500
2022-01-05,680.636,16.000,2192.133,2.509,17.000,6.000,76.623,62.000,117.000,5462.000,106.000
2022-01-06,674.366,13.000,2158.533,2.538,19.000,5.000,79.754,69.000,113.000,5506.000,103.000
2022-01-07,758.652,15.000,2127.800,2.415,33.000,3.000,82.349,61.000,97.000,5277.000,110.000
2022-01-08,660.398,15.000,2134.707,2.953,10.000,5.000,79.137,67.000,114.000,6431.000,111.000
2022-01-09,744.977,15.000,2227.105,3.655,15.000,9.000,79.224,64.000,143.000,7925.000,96.000
2022-01-10,798.227,16.000,2204.764,3.634,32.000,3.000,80.944,64.000,132.000,7794.000,107.000
2022-01-11,723.009,16.000,2140.073,3.035,20.000,4.000,77.444,62.000,127.000,6543.000,110.500
2022-01-12,761.197,15.000,2247.299,3.173,19.000,3.000,77.394,67.000,118.000,6930.365,105.500
2022-01-13,678.683,15.000,2172.020,2.871,21.000,2.000,79.469,71.000,102.000,6254.000,114.500
2022-01-14,600.199,15.000,2154.985,2.071,10.000,6.000,73.539,60.000,76.000,4529.000,94.500
2022-01-15,809.142,17.000,2341.823,3.283,15.000,4.000,75.593,57.000,120.000,7210.000,99.000
2022-01-16,595.756,15.000,2144.305,2.672,10.000,7.000,76.792,66.000,97.000,5904.000,102.000
2022-01-17,772.186,16.000,2218.005,3.660,29.000,10.000,76.035,53.000,135.000,7907.000,127.000
2022-01-18,903.900,18.000,2236.772,3.865,50.000,5.000,79.835,59.000,139.000,8341.000,101.000
2022-01-19,839.198,16.000,2237.389,3.384,33.000,2.000,81.768,63.000,129.000,7326.000,111.000
2022-01-20,683.538,16.000,2153.097,2.751,25.000,5.000,77.964,65.000,89.000,5943.000,104.000
2022-01-21,603.180,15.000,2105.276,2.477,15.000,2.000,76.569,61.000,85.000,5402.000,116.000
2022-01-22,844.352,17.000,2353.351,3.998,9.000,7.000,78.383,59.000,176.000,8693.000,120.500
2022-01-23,593.484,14.000,2127.413,2.414,12.000,1.000,71.063,57.000,102.000,5370.000,92.000
2022-01-24,748.287,15.000,2207.815,3.011,18.000,2.000,71.961,54.000,108.000,6604.000,94.000
2022-01-25,674.739,16.000,2173.488,2.906,21.000,2.000,76.390,60.000,92.000,6318.000,106.000
2022-01-26,676.337,14.000,2160.148,2.647,27.000,1.000,79.179,65.000,106.000,5774.195,109.000
2022-01-27,588.595,15.000,2132.795,2.294,18.000,4.000,81.219,66.000,87.000,4980.000,111.000
2022-01-28,727.851,16.000,2221.207,3.357,12.000,5.000,76.124,58.000,129.000,7297.994,118.000
2022-01-29,1132.024,15.000,2188.341,6.221,79.000,4.000,93.646,59.000,196.000,12656.000,103.500
2022-01-30,650.456,18.000,2160.677,2.046,11.000,1.000,75.133,64.000,87.000,4460.000,97.500
2022-01-31,764.997,16.000,2229.134,3.419,25.000,1.000,78.386,58.000,134.000,7433.000,108.000
2022-02-01,840.444,17.000,2247.472,3.663,39.000,,86.628,62.000,119.000,7772.000,112.000
2022-02-02,761.389,15.000,2234.173,3.077,28.000,3.000,73.237,55.000,120.000,6649.000,100.000
2022-02-03,714.642,14.000,2188.658,2.775,20.000,3.000,76.615,57.000,95.000,5805.000,108.000
2022-02-04,747.103,13.000,2212.925,3.190,29.000,4.000,77.958,53.000,100.000,6949.000,128.000
2022-02-05,1040.406,14.000,2192.332,4.849,63.000,2.000,89.453,60.000,217.000,10610.000,118.500
2022-02-06,789.343,16.000,2204.261,3.580,17.000,5.000,68.408,55.000,145.000,7775.000,98.000
2022-02-07,758.808,16.000,2270.270,3.532,26.000,1.000,78.340,63.000,107.000,7367.000,102.000
2022-02-08,772.047,13.000,2182.061,3.976,38.000,1.000,79.651,58.000,148.000,8590.000,107.000
2022-02-09,792.482,18.000,2259.114,3.777,16.000,3.000,75.530,63.000,127.000,8268.000,103.000
2022-02-10,745.211,16.000,2210.942,3.006,29.000,3.000,71.739,54.000,140.000,6546.000,98.000
2022-02-11,558.982,14.000,2102.375,1.991,3.000,2.000,72.860,56.000,89.000,4371.000,98.500
2022-02-12,997.030,17.000,2375.717,4.767,34.000,3.000,77.938,58.000,187.000,10485.000,110.000
2022-02-13,1008.847,18.000,2342.239,5.667,37.000,7.000,83.942,60.000,198.000,12366.098,122.000
2022-02-14,569.447,16.000,2139.503,2.216,9.000,5.000,73.809,60.000,72.000,4895.000,101.500
2022-02-15,747.270,17.000,2228.943,3.484,27.000,1.000,74.057,56.000,122.000,7432.000,100.000
2022-02-16,774.358,15.000,2288.350,3.410,29.000,8.000,81.369,64.000,120.000,7199.353,112.000
2022-02-17,728.720,16.000,2217.522,2.952,22.000,5.000,76.038,60.000,110.000,6526.000,105.000
2022-02-18,724.398,17.000,2295.829,2.735,5.000,1.000,71.832,57.000,116.000,6058.000,89.000
2022-02-19,679.826,15.000,2208.012,2.939,12.000,5.980,75.124,57.000,118.000,6511.000,110.000
2022-02-20,609.141,14.000,2060.411,3.327,31.000,4.000,77.240,59.000,101.000,7374.000,108.000
2022-02-21,838.298,15.000,2218.914,4.578,36.000,4.000,84.383,62.000,173.000,10074.000,130.500
2022-02-22,845.820,16.000,2197.546,4.417,41.000,2.000,80.896,58.000,166.000,9670.000,127.000
2022-02-23,964.409,16.000,2283.139,4.611,53.000,1.000,80.043,59.000,195.000,10048.000,136.000
2022-02-24,839.436,17.000,2178.265,3.998,48.000,2.000,81.261,62.000,158.000,8697.000,138.000
2022-02-25,752.460,16.000,2178.506,3.361,20.000,3.000,82.138,63.000,103.000,7164.000,135.000
2022-02-26,970.067,16.000,2510.014,4.411,28.000,7.000,86.857,56.000,153.000,9730.000,128.000
2022-02-27,623.008,17.000,2177.468,2.339,4.000,1.000,72.470,58.000,117.000,5199.000,95.000
2022-02-28,987.122,17.000,2270.382,5.269,48.000,1.000,85.189,59.000,179.000,11583.000,127.000
2022-03-01,921.942,17.000,2214.159,4.516,63.000,3.000,89.803,64.000,151.000,9905.000,136.000
2022-03-02,985.753,17.000,2314.753,4.929,64.000,7.000,86.192,64.000,149.000,10838.000,129.000
2022-03-03,850.920,17.000,2207.809,3.998,38.000,4.000,83.648,60.000,178.000,8856.000,139.000
2022-03-04,745.268,15.000,2199.409,2.734,23.000,2.000,79.382,62.000,101.000,5973.000,128.000
2022-03-05,714.642,17.000,2159.160,3.383,34.000,3.000,86.517,58.000,110.000,7278.000,126.000
2022-03-06,848.448,16.000,2136.421,5.115,42.000,10.000,88.343,63.000,167.000,11154.892,122.000
2022-03-07,825.478,15.000,2235.716,3.895,38.000,5.000,78.067,59.000,151.000,8552.000,129.000
2022-03-08,791.927,15.000,2232.078,3.953,44.000,6.000,77.574,61.000,133.000,8634.000,120.000
2022-03-09,847.811,18.000,2200.571,4.086,39.000,3.000,80.037,63.000,142.000,8955.000,135.000
2022-03-10,699.530,14.000,2132.570,3.660,42.000,4.000,85.494,62.000,118.000,8091.000,127.000
2022-03-11,770.708,17.000,2181.362,3.690,23.000,2.000,80.511,64.000,138.000,7924.000,129.000
2022-03-12,503.646,12.000,1911.890,2.519,30.000,3.000,74.638,56.000,79.000,5307.000,102.000
2022-03-13,502.348,15.000,1855.716,2.399,17.000,2.000,73.225,56.000,107.000,5284.000,94.000
2022-03-14,844.213,14.000,2164.376,4.314,53.000,3.910,85.257,61.000,129.000,9032.000,105.000
2022-03-15,834.837,16.000,2238.609,3.716,41.000,2.000,80.486,59.000,130.000,7837.000,98.000
2022-03-16,746.083,18.000,2260.657,3.027,15.000,4.000,78.072,64.000,108.000,6517.000,105.000
2022-03-17,726.427,15.000,2232.310,2.684,24.000,3.000,77.689,62.000,87.000,5845.478,105.000
2022-03-18,686.749,14.000,2204.954,2.193,18.000,5.000,80.011,60.000,89.000,4796.763,106.500
2022-03-19,648.336,14.000,2060.698,3.597,24.000,4.000,75.509,59.000,144.000,7870.784,116.000
2022-03-20,838.015,16.000,2252.294,3.827,15.000,6.000,75.124,54.000,177.000,8386.216,101.500
2022-03-21,842.158,15.000,2263.544,4.428,25.000,,75.872,60.000,153.000,9402.000,98.000
2022-03-22,850.929,17.000,2253.453,4.085,32.000,9.000,74.448,60.000,171.000,8808.000,100.000
2022-03-23,886.582,16.000,2525.680,3.347,21.000,1.000,84.316,65.000,124.000,7356.000,132.000
2022-03-24,796.018,14.000,2367.525,2.345,16.000,,75.074,60.000,124.000,5174.000,107.000
2022-03-25,853.507,17.000,2356.118,3.232,17.000,4.000,77.602,58.000,152.000,7149.000,102.000
2022-03-26,665.103,13.000,2345.548,2.529,16.000,,74.429,58.000,120.000,5592.000,103.000
2022-03-27,744.796,14.000,2298.134,3.314,15.000,,68.092,56.000,141.000,7572.000,91.000
2022-03-28,787.370,18.000,2240.009,4.090,15.000,,70.616,50.000,223.000,9188.000,95.000
2022-03-29,734.037,14.000,2244.433,3.447,22.000,1.000,78.708,59.000,146.000,7625.000,124.000
2022-03-30,718.298,15.000,2183.747,3.020,32.000,1.000,70.638,49.000,105.000,6535.000,104.000
2022-03-31,568.911,12.000,2109.146,2.009,18.000,,70.076,52.000,83.000,4338.000,91.500
2022-04-01,724.142,15.000,2092.807,3.036,23.000,4.000,73.219,61.000,120.000,6627.000,92.000
2022-04-02,1060.696,16.000,2296.219,5.757,73.000,7.000,97.061,56.000,207.000,12009.000,124.000
2022-04-03,784.218,14.000,2085.331,4.812,55.000,6.000,86.937,62.000,147.000,10392.000,116.000
2022-04-04,742.730,16.000,2243.733,3.522,34.000,1.000,71.018,59.000,121.000,7677.000,95.000
2022-04-05,694.779,16.000,2110.936,3.809,34.000,1.000,68.362,57.000,119.000,8321.000,80.000
2022-04-06,797.701,16.000,2169.641,4.267,39.000,3.000,73.885,61.000,156.000,9281.000,95.000
2022-04-07,687.153,14.000,2165.642,3.655,31.000,,77.772,67.000,119.000,8002.000,105.000
2022-04-08,812.757,17.000,2353.142,3.087,17.000,9.000,80.525,66.000,121.000,6803.000,99.000
2022-04-09,503.000,12.000,1867.228,0.748,41.000,,79.046,67.000,34.000,1667.000,97.000
2022-04-10,704.810,13.000,2254.429,3.220,15.000,7.000,78.349,66.000,115.000,7170.000,100.500
2022-04-11,686.333,15.000,2105.487,3.032,34.000,4.000,81.035,59.000,88.000,6385.000,98.500
2022-04-12,665.329,17.000,2267.398,2.877,22.000,4.000,77.308,64.000,98.000,6330.000,102.000
2022-04-13,812.046,17.000,2324.920,4.042,32.000,6.000,73.497,61.000,133.000,8803.150,90.000
2022-04-14,774.452,14.000,2181.580,3.634,28.000,2.000,75.522,56.000,148.000,7918.850,105.000
2022-04-15,853.542,16.000,2366.841,4.370,23.000,20.000,75.835,55.000,151.000,9541.711,96.000
2022-04-16,705.490,13.000,2312.066,3.517,24.000,4.000,71.188,60.000,104.000,7772.000,88.000
2022-04-17,716.868,14.000,2187.774,3.949,27.000,4.000,79.339,53.000,95.000,8607.000,121.000
2022-04-18,872.040,17.000,2282.013,4.557,33.000,3.000,68.525,58.000,154.000,10013.000,89.000
2022-04-19,698.655,15.000,2161.565,3.149,26.000,3.000,67.626,57.000,113.000,6899.000,87.000
2022-04-20,748.826,17.000,2240.568,3.032,25.000,3.417,68.698,51.000,119.000,6597.000,94.500
2022-04-21,563.556,15.000,2102.480,2.249,5.000,5.000,66.807,57.000,64.000,4892.000,92.000
2022-04-22,770.730,16.000,2319.029,2.468,25.000,3.000,72.142,58.000,92.000,5458.000,88.000
2022-04-23,726.432,14.000,2241.220,3.542,15.000,14.000,76.659,58.000,143.000,7769.000,105.500
2022-04-24,807.270,14.000,2371.974,3.179,25.000,9.000,72.560,58.000,152.000,7073.000,103.000
2022-04-25,837.797,18.000,2349.541,3.637,38.000,3.000,75.857,59.000,135.000,7955.000,89.000
2022-04-26,753.992,14.000,2173.390,3.988,38.000,2.000,74.436,59.000,128.000,8665.000,100.500
2022-04-27,603.055,15.000,2153.323,2.685,17.000,2.000,65.530,55.000,90.000,5965.000,90.000
2022-04-28,696.288,15.000,2249.262,2.541,26.000,,69.052,55.000,74.000,5529.000,93.500
2022-04-29,801.441,17.000,2358.216,3.064,12.000,10.000,75.597,59.000,93.000,6655.000,109.500
2022-04-30,719.410,17.000,2270.659,3.569,27.000,9.000,71.926,58.000,118.000,7930.000,80.500
2022-05-01,614.658,13.000,2195.182,3.382,14.000,8.000,77.559,59.000,118.000,7498.000,95.000
2022-05-02,1004.080,17.000,2260.551,6.048,71.000,3.000,84.091,54.000,198.000,13136.000,133.000
2022-05-03,1054.105,16.000,2366.393,5.546,74.000,1.000,81.769,60.000,165.000,11925.422,134.000
2022-05-04,699.866,14.000,2248.089,2.661,25.000,2.000,66.795,57.000,79.000,5796.000,93.500
2022-05-05,654.674,18.000,2265.537,2.558,12.000,3.000,68.921,54.000,80.000,5703.881,105.000
2022-05-06,746.550,16.000,2269.361,3.285,23.000,13.000,73.537,64.000,111.000,7170.119,94.000
2022-05-07,697.750,15.000,2197.665,3.513,28.000,5.845,68.023,56.000,120.000,7710.434,91.500
2022-05-08,769.516,16.000,2310.584,3.383,27.000,18.000,73.656,56.000,150.000,7526.000,91.000
2022-05-09,824.533,17.000,2355.475,3.876,36.000,6.000,73.693,59.000,126.000,8442.000,90.500
2022-05-10,668.519,15.000,2228.766,2.817,23.000,5.000,75.244,63.000,84.000,6173.000,93.500
2022-05-11,719.234,14.000,2258.192,2.922,25.000,1.000,72.548,57.000,93.000,6356.000,104.000
2022-05-12,831.602,17.000,2286.528,3.630,35.000,6.000,72.180,60.000,143.000,7893.000,90.500
2022-05-13,927.415,15.000,2273.140,5.048,54.000,2.000,87.699,63.000,191.000,11017.000,117.000
2022-05-14,1425.009,18.000,2471.077,8.880,116.000,9.000,89.144,58.000,248.000,18676.873,118.000
2022-05-15,864.480,14.000,2311.683,4.985,45.000,5.000,77.648,59.000,151.000,10971.127,107.000
2022-05-16,958.532,16.000,2367.448,5.313,57.000,4.000,78.391,55.000,164.000,11681.000,116.000
2022-05-17,768.637,17.000,2347.971,3.069,20.000,7.000,76.209,61.000,121.000,6712.000,106.500
2022-05-18,1022.644,17.000,2434.252,4.808,37.000,2.000,73.439,61.000,159.000,10438.042,102.000
2022-05-19,900.326,17.000,2416.536,4.432,38.000,4.000,80.218,65.000,172.000,9928.391,109.000
2022-05-20,594.706,16.000,2208.303,2.080,4.000,,67.196,52.000,88.000,4587.098,82.000
2022-05-21,737.764,15.000,2333.434,2.734,15.000,6.000,70.712,55.000,117.000,6025.698,82.500
2022-05-22,546.629,13.000,2120.131,2.395,2.000,,67.281,50.000,101.000,5312.000,92.500
2022-05-23,906.630,17.000,2376.579,4.931,37.000,,77.193,62.000,187.000,11067.000,99.000
2022-05-24,642.471,14.000,2249.178,2.515,18.000,,70.320,56.000,86.000,5534.000,95.000
2022-05-25,843.386,16.000,2340.869,4.024,22.000,,72.684,59.000,183.000,9139.000,103.000
2022-05-26,919.662,16.000,2445.252,4.104,26.000,4.000,69.308,55.000,173.000,9176.000,99.500
2022-05-27,736.189,12.000,2247.181,3.898,33.000,2.000,75.728,60.000,157.000,8714.000,104.000
2022-05-28,782.045,15.000,2246.007,5.363,22.000,4.317,74.727,60.000,222.000,12588.000,86.000
2022-05-29,605.770,14.000,2125.035,3.256,9.000,2.000,76.287,64.000,170.000,7224.000,88.000
2022-05-30,723.404,15.000,2214.128,3.934,43.000,4.000,79.817,55.000,98.000,8696.701,119.000
2022-05-31,981.891,16.000,2395.141,5.637,56.000,4.000,85.970,66.000,156.000,12332.000,116.000
2022-06-01,977.978,15.000,2329.914,4.925,56.000,7.000,85.928,59.000,128.000,10633.000,125.000
2022-06-02,830.602,16.000,2289.708,4.202,53.000,2.000,82.938,59.000,112.000,9153.000,124.000
2022-06-03,878.733,16.000,2316.502,4.081,51.000,2.000,81.155,58.000,119.000,8955.000,116.000
2022-06-04,938.536,17.000,2286.927,4.745,38.000,5.000,85.678,58.000,172.000,10253.000,129.000
2022-06-05,732.856,15.000,2140.897,4.079,35.000,5.000,84.721,58.000,145.000,8880.000,127.000
2022-06-06,1014.448,17.000,2385.034,5.127,59.000,1.165,80.692,59.000,142.000,11004.000,124.000
2022-06-07,1313.438,15.000,2351.359,4.736,113.000,1.000,98.992,53.000,189.000,10102.000,91.000
2022-06-08,825.060,17.000,2335.744,3.908,32.000,4.000,78.840,56.000,112.000,8589.986,114.000
2022-06-09,948.527,16.000,2323.638,4.629,39.000,6.000,75.262,62.000,195.000,10033.000,94.000
2022-06-10,722.476,17.000,2301.559,2.783,9.000,8.000,71.183,56.000,131.000,6118.356,106.000
2022-06-11,873.974,16.000,2294.165,5.645,53.000,,84.928,62.000,187.000,12837.000,116.000
2022-06-12,718.019,12.000,2160.956,3.908,39.000,5.000,89.336,55.000,116.000,8564.000,130.000
2022-06-13,984.351,15.000,2394.551,4.784,49.000,1.000,84.417,59.000,155.000,10511.000,120.000
2022-06-14,728.446,14.000,2308.723,2.586,22.000,,72.691,61.000,97.000,5741.000,102.000
2022-06-15,755.205,15.000,2287.710,3.027,22.000,1.000,79.311,64.000,120.000,6714.000,106.000
2022-06-16,724.562,14.000,2259.951,3.326,4.000,,78.454,66.000,151.000,7413.000,106.000
2022-06-17,718.091,11.000,2211.571,2.166,33.000,,81.770,63.000,79.000,4758.000,93.000
2022-06-18,747.463,16.000,2451.801,2.965,8.000,1.000,76.626,55.000,132.000,6565.000,94.000
2022-06-19,611.059,15.000,2143.886,2.920,6.000,1.000,69.063,54.000,144.000,6575.000,89.000
2022-06-20,705.005,13.000,2272.756,2.572,21.000,1.000,71.380,58.000,85.000,5614.000,92.000
2022-06-21,677.837,14.000,2297.371,2.047,20.000,1.000,73.205,60.000,69.000,4470.000,109.500
2022-06-22,696.397,16.000,2280.902,2.510,7.000,4.000,72.487,60.000,93.000,5569.000,98.000
2022-06-23,850.770,14.000,2300.918,4.167,34.000,2.000,93.292,67.000,169.000,8955.000,133.000
2022-06-24,671.455,18.000,2350.146,2.200,5.000,3.000,69.908,59.000,89.000,4835.000,90.000
2022-06-25,625.146,15.000,2202.363,2.750,12.000,3.000,72.630,57.000,143.000,6248.000,89.000
2022-06-26,911.146,15.000,2258.040,4.950,40.000,2.830,78.002,54.000,190.000,10447.000,91.000
2022-06-27,904.637,13.000,2256.385,4.739,52.000,3.471,81.389,60.000,140.000,10041.000,106.000
2022-06-28,1034.485,17.000,2373.554,5.842,62.000,2.000,82.361,57.000,176.000,12407.185,91.500
2022-06-29,874.192,16.000,2322.992,3.633,37.000,3.000,80.540,61.000,117.000,7451.000,108.500
2022-06-30,608.740,13.000,2228.308,1.597,15.000,1.000,70.743,60.000,60.000,3528.000,94.000
2022-07-01,1040.852,17.000,2399.735,5.579,48.000,2.000,85.026,54.000,193.000,11621.000,89.000
2022-07-02,1220.559,15.000,2318.983,7.488,75.000,,92.189,53.000,228.000,15831.135,121.000
2022-07-03,1228.116,17.000,2415.933,6.798,95.000,2.000,96.236,55.000,221.000,14283.000,127.000
2022-07-04,920.002,15.000,2311.730,4.376,30.000,10.000,73.932,56.000,181.000,9572.000,85.000
2022-07-05,781.715,16.000,2302.839,3.956,24.000,3.000,67.579,54.000,153.000,9042.000,93.000
2022-07-06,947.767,17.000,2381.971,4.068,40.000,1.000,77.280,57.000,138.000,8721.000,107.000
2022-07-07,602.184,13.000,2204.283,1.766,20.000,1.000,75.643,66.000,70.000,3935.000,89.000
2022-07-08,676.186,14.000,2171.706,1.841,29.000,1.000,75.377,63.000,86.000,4199.000,102.000
2022-07-09,613.596,16.000,2116.178,1.991,30.000,1.000,74.790,58.000,88.000,4640.000,105.000
2022-07-10,601.306,15.000,2252.618,1.874,11.000,9.000,68.843,60.000,77.000,4283.000,83.000
2022-07-11,809.651,14.000,2335.597,2.221,57.000,11.000,81.709,60.000,66.000,5042.000,101.000
2022-07-12,798.862,15.000,2434.447,2.447,17.000,4.000,75.702,60.000,118.000,5532.000,95.500
2022-07-13,834.444,17.000,2308.994,3.094,30.000,5.000,76.284,65.000,108.000,6766.000,107.000
2022-07-14,712.136,14.000,2378.872,2.700,1.000,4.000,77.589,60.000,145.000,6138.000,104.000
2022-07-15,758.012,18.000,2422.072,2.889,8.000,6.391,75.481,58.000,104.000,6460.000,110.000
2022-07-16,817.562,15.000,2310.454,3.416,36.000,3.313,83.580,60.000,151.000,7892.000,92.000
2022-07-17,671.721,14.000,2179.462,3.305,8.000,8.000,77.016,60.000,170.000,7441.000,100.000
2022-07-18,708.326,17.000,2283.981,3.028,21.000,1.000,75.812,58.000,123.000,6671.000,93.000
2022-07-19,787.515,16.000,2274.194,3.594,27.000,3.000,77.312,61.000,150.000,8003.123,109.000
2022-07-20,870.931,17.000,2415.435,3.511,13.000,6.000,76.550,63.000,153.000,7730.000,103.000
2022-07-21,725.050,15.000,2288.125,3.196,24.000,3.000,74.556,60.000,129.000,7142.019,97.000
2022-07-22,727.250,14.000,2270.943,3.198,32.000,4.000,82.492,67.000,132.000,7106.000,108.000
2022-07-23,669.496,17.000,2210.619,3.182,6.000,5.000,72.651,59.000,142.000,7305.169,90.000
2022-07-24,874.181,14.000,2173.771,3.636,57.000,2.000,87.236,62.000,162.000,8150.831,100.000
2022-07-25,690.022,15.000,2183.556,3.043,23.000,2.000,73.420,60.000,104.000,6857.000,96.000
2022-07-26,782.196,16.000,2357.899,3.088,23.000,3.000,74.441,55.000,115.000,6882.000,98.000
2022-07-27,746.021,16.000,2313.990,2.822,23.000,3.000,80.500,67.000,129.000,6344.891,111.500
2022-07-28,794.183,17.000,2204.663,3.781,39.000,3.000,96.436,68.000,134.000,8146.000,140.000
2022-07-29,714.361,16.000,2328.528,2.718,6.000,2.000,77.839,66.000,143.000,6225.000,97.000
2022-07-30,664.890,15.000,2148.092,3.499,15.000,10.000,75.997,58.000,134.000,7828.000,93.000
2022-07-31,949.103,15.000,2336.324,3.465,43.000,11.000,85.883,69.000,154.000,7826.000,104.000
2022-08-01,825.265,15.000,2232.378,3.595,35.000,4.000,81.340,66.000,114.000,7629.000,111.000
2022-08-02,1004.711,17.000,2347.438,4.899,57.000,3.000,82.319,60.000,195.000,10885.000,106.500
2022-08-03,800.548,15.000,2280.373,3.861,31.000,1.000,75.654,60.000,152.000,8576.000,99.000
2022-08-04,715.723,14.000,2209.482,3.277,24.000,2.000,75.578,59.000,125.000,7300.000,96.000
2022-08-05,719.852,16.000,2266.645,3.226,18.000,4.000,78.562,63.000,101.000,7205.000,93.000
2022-08-06,770.899,13.000,2186.425,3.126,55.000,,90.473,62.000,136.000,7205.232,95.000
2022-08-07,790.898,16.000,2322.835,4.020,16.000,5.000,73.476,57.000,171.000,9049.247,92.500
2022-08-08,828.249,16.000,2288.346,4.124,26.000,4.000,78.543,62.000,160.000,8810.000,97.000
2022-08-09,955.444,15.000,2393.645,4.686,45.000,5.000,77.954,57.000,170.000,10370.000,105.500
2022-08-10,892.174,17.000,2231.030,4.667,52.000,6.000,82.468,63.000,136.000,10019.159,127.000
2022-08-11,962.510,17.000,2339.276,4.796,48.000,1.000,79.176,64.000,132.000,10324.000,117.000
2022-08-12,934.267,16.000,2313.314,4.737,60.000,1.000,96.740,64.000,140.000,10199.201,133.000
2022-08-13,1051.408,17.000,2508.190,5.800,49.000,5.000,94.030,68.000,200.000,12696.000,122.000
2022-08-14,1086.898,17.000,2413.752,5.111,53.000,14.000,84.538,60.000,163.000,10854.000,120.000
2022-08-15,962.178,16.000,2345.857,4.558,52.000,2.000,76.516,58.000,152.000,10048.000,97.000
2022-08-16,824.030,15.000,2282.680,4.524,48.000,1.000,74.791,63.000,154.000,10123.000,94.000
2022-08-17,954.010,18.000,2421.875,4.575,44.000,3.000,76.059,61.000,151.000,10049.000,108.000
2022-08-18,896.801,20.000,2369.997,4.666,37.000,12.536,78.522,57.000,151.000,10141.000,104.500
2022-08-19,990.009,19.000,2392.758,4.918,31.000,24.000,75.348,59.000,197.000,10819.000,102.000
2022-08-20,982.707,18.000,2421.864,5.966,30.000,6.000,76.937,55.000,248.000,14077.000,89.000
2022-08-21,988.844,13.000,2315.601,5.653,72.000,10.000,89.592,63.000,187.000,12733.000,103.000
2022-08-22,978.434,16.000,2357.947,4.624,39.000,11.000,81.380,65.000,191.000,10462.000,97.500
2022-08-23,960.414,15.000,2374.698,4.763,64.000,6.000,83.881,60.000,154.000,10583.000,113.000
2022-08-24,941.645,16.000,2301.801,4.702,46.000,3.000,74.824,60.000,166.000,10298.174,92.000
2022-08-25,940.187,14.000,2350.531,4.737,42.000,2.000,72.551,59.000,158.000,10110.000,88.000
2022-08-26,995.200,18.000,2298.901,4.787,55.000,1.000,74.628,56.000,132.000,10062.000,101.000
2022-08-27,876.905,16.000,2336.274,4.675,38.000,10.000,78.184,63.000,161.000,10649.424,90.000
2022-08-28,833.862,17.000,2365.884,4.545,28.000,11.335,80.089,60.000,197.000,10086.292,92.000
2022-08-29,899.196,15.000,2249.152,4.677,50.000,1.000,75.452,58.000,146.000,10048.000,117.500
2022-08-30,859.965,14.000,2311.506,4.646,57.000,,81.022,60.000,128.000,10081.644,102.000
2022-08-31,983.719,16.000,2313.911,4.963,51.000,2.000,77.838,58.000,144.000,10393.000,117.000
2022-09-01,1065.418,18.000,2276.435,4.900,66.000,3.000,84.248,62.000,160.000,10462.000,108.000
2022-09-02,985.028,16.000,2393.072,4.808,44.000,1.000,88.074,63.000,177.000,10573.000,117.000
2022-09-03,1024.097,16.000,2405.763,5.925,51.000,10.721,91.769,65.000,219.000,12985.000,122.000
2022-09-04,1083.374,16.000,2417.609,5.542,55.000,6.000,84.242,61.000,225.000,12401.000,129.000
2022-09-05,1081.057,16.000,2357.185,6.393,51.000,11.000,93.271,66.000,269.000,14416.319,130.000
2022-09-06,1043.277,18.000,2332.124,5.907,65.000,4.000,79.128,62.000,187.000,12812.000,110.000
2022-09-07,1040.877,17.000,2331.627,5.809,73.000,8.000,84.646,61.000,149.000,12529.000,115.000
2022-09-08,1003.509,17.000,2346.308,4.751,62.000,8.000,80.834,59.000,151.000,10043.000,113.000
2022-09-09,1015.513,16.000,2313.879,5.087,51.000,5.262,86.136,61.000,173.000,10750.000,110.000
2022-09-10,1026.968,17.000,2383.330,5.512,51.000,5.000,83.864,59.000,170.000,11781.000,90.500
2022-09-11,892.106,15.000,2305.132,4.730,40.000,10.000,87.309,64.000,138.000,10218.000,109.000
2022-09-12,983.542,17.000,2336.966,4.876,52.000,4.000,86.650,65.000,151.000,10159.000,96.000
2022-09-13,981.629,18.000,2337.867,5.140,31.000,5.000,74.920,54.000,201.000,11396.000,92.000
2022-09-14,1007.641,16.000,2380.420,5.296,31.000,4.000,81.302,57.000,199.000,11720.000,109.000
2022-09-15,990.864,18.000,2370.897,5.080,43.000,1.000,81.633,70.000,243.000,11436.000,102.500
2022-09-16,1033.112,17.000,2365.699,4.784,30.000,3.000,80.965,70.000,182.000,10520.000,91.000
2022-09-17,1031.299,18.000,2285.889,5.416,52.000,14.000,87.598,63.000,192.000,11663.034,119.000
2022-09-18,1184.988,14.000,2358.665,7.038,64.000,3.000,100.226,65.000,290.000,15243.000,136.000
2022-09-19,1107.025,18.000,2396.046,6.045,52.000,5.000,84.194,58.000,211.000,12946.000,97.000
2022-09-20,1024.491,17.000,2337.891,4.923,55.000,3.000,76.823,59.000,140.000,10392.000,97.000
2022-09-21,1014.348,17.000,2315.926,5.325,63.000,5.860,79.271,55.000,180.000,11567.780,93.000
2022-09-22,809.007,15.000,2209.406,4.629,32.000,7.000,76.227,59.000,147.000,10049.000,108.000
2022-09-23,899.770,19.000,2358.787,4.486,16.000,3.000,69.200,58.000,163.000,10023.000,91.000
2022-09-24,583.455,15.000,2092.105,3.099,18.000,,67.430,56.000,134.000,7143.000,99.500
2022-09-25,848.824,16.000,2257.342,5.209,55.000,,83.059,57.000,204.000,11697.000,109.000
2022-09-26,1051.498,15.000,2288.628,6.616,68.000,,87.555,56.000,212.000,14289.000,111.000
2022-09-27,849.016,15.000,2288.072,4.858,50.000,,77.676,53.000,138.000,10460.000,111.000
2022-09-28,841.817,18.000,2203.972,5.006,45.000,,77.643,49.000,199.000,11064.000,114.000
2022-09-29,793.170,15.000,2268.134,3.900,31.000,17.000,74.585,60.000,155.000,8909.000,113.000
2022-09-30,607.323,14.000,2149.284,2.679,12.000,5.000,64.816,53.000,90.000,5916.000,100.000